[{"model": "eusay.comment", "pk": 1, "fields": {"user": "s1234567", "proposal": 1, "date": "2014-02-21T13:35:23.491", "text": "Scotland should be more #yolo!!!!", "field": "action"}}, {"model": "eusay.comment", "pk": 2, "fields": {"user": "s1234567", "proposal": 1, "date": "2014-02-21T13:35:45.407", "text": "I hate tartan", "field": "beliefs"}}, {"model": "eusay.comment", "pk": 3, "fields": {"user": "s1234567", "proposal": 1, "date": "2014-02-21T13:35:58.425", "text": "John, get the heck outta here", "field": "action"}}, {"model": "eusay.comment", "pk": 4, "fields": {"user": "s1234580", "proposal": 2, "date": "2014-02-21T13:51:00.827", "text": "I agree!!", "field": "action"}}, {"model": "eusay.comment", "pk": 5, "fields": {"user": "s1234581", "proposal": 2, "date": "2014-02-21T13:51:13.614", "text": "This can only go badly", "field": "background"}}, {"model": "eusay.comment", "pk": 6, "fields": {"user": "s1234582", "proposal": 2, "date": "2014-02-21T13:51:37.021", "text": "What about the people who don't like pizza?", "field": "action"}}, {"model": "eusay.comment", "pk": 7, "fields": {"user": "s1234586", "proposal": 3, "date": "2014-02-21T13:52:20.433", "text": "I hate fossil fuels!!", "field": "action"}}, {"model": "eusay.comment", "pk": 8, "fields": {"user": "s1234587", "proposal": 3, "date": "2014-02-21T13:53:10.695", "text": "I agree, but you didn't consider that fossil fuels mean cool stuff like monster trucks", "field": "beliefs"}}, {"model": "eusay.comment", "pk": 9, "fields": {"user": "s1234572", "proposal": 1, "date": "2014-02-21T14:03:16.144", "text": "So do I!", "field": "beliefs"}}, {"model": "eusay.comment", "pk": 10, "fields": {"user": "s1234607", "proposal": 3, "date": "2014-02-22T00:17:29.600", "text": "So do I Wendell. We should certainly divest!", "field": "action"}}, {"model": "eusay.comment", "pk": 11, "fields": {"user": "s1234607", "proposal": 3, "date": "2014-02-22T00:18:00.610", "text": "An excellent point Isaac!", "field": "beliefs"}}, {"model": "eusay.comment", "pk": 12, "fields": {"user": "s1234626", "proposal": 6, "date": "2014-02-22T18:43:48.543", "text": "What about the Chancellor?", "field": "action"}}, {"model": "eusay.comment", "pk": 13, "fields": {"user": "s1234626", "proposal": 2, "date": "2014-02-22T18:44:48.964", "text": "There are no such people", "field": "action"}}, {"model": "eusay.comment", "pk": 16, "fields": {"user": "s1234632", "proposal": 3, "date": "2014-02-23T16:47:20.416", "text": "http://gofossilfree.org/", "field": "background"}}, {"model": "eusay.vote", "pk": 1, "fields": {"user": "s1234567", "isVoteUp": true, "date": "2014-02-21T13:34:53.638"}}, {"model": "eusay.vote", "pk": 2, "fields": {"user": "s1234574", "isVoteUp": true, "date": "2014-02-21T13:34:59.927"}}, {"model": "eusay.vote", "pk": 3, "fields": {"user": "s1234575", "isVoteUp": false, "date": "2014-02-21T13:35:04.753"}}, {"model": "eusay.vote", "pk": 4, "fields": {"user": "s1234576", "isVoteUp": true, "date": "2014-02-21T13:35:07.181"}}, {"model": "eusay.vote", "pk": 5, "fields": {"user": "s1234577", "isVoteUp": false, "date": "2014-02-21T13:35:09.733"}}, {"model": "eusay.vote", "pk": 6, "fields": {"user": "s1234578", "isVoteUp": true, "date": "2014-02-21T13:35:12.628"}}, {"model": "eusay.vote", "pk": 7, "fields": {"user": "s1234580", "isVoteUp": true, "date": "2014-02-21T13:49:44.790"}}, {"model": "eusay.vote", "pk": 8, "fields": {"user": "s1234582", "isVoteUp": true, "date": "2014-02-21T13:51:41.732"}}, {"model": "eusay.vote", "pk": 9, "fields": {"user": "s1234583", "isVoteUp": true, "date": "2014-02-21T13:51:44.293"}}, {"model": "eusay.vote", "pk": 10, "fields": {"user": "s1234584", "isVoteUp": true, "date": "2014-02-21T13:51:46.560"}}, {"model": "eusay.vote", "pk": 11, "fields": {"user": "s1234585", "isVoteUp": false, "date": "2014-02-21T13:51:49.285"}}, {"model": "eusay.vote", "pk": 12, "fields": {"user": "s1234587", "isVoteUp": true, "date": "2014-02-21T13:53:19.855"}}, {"model": "eusay.vote", "pk": 13, "fields": {"user": "s1234588", "isVoteUp": false, "date": "2014-02-21T13:53:22.656"}}, {"model": "eusay.vote", "pk": 14, "fields": {"user": "s1234589", "isVoteUp": true, "date": "2014-02-21T13:54:12.390"}}, {"model": "eusay.vote", "pk": 15, "fields": {"user": "s1234590", "isVoteUp": true, "date": "2014-02-21T13:54:14.688"}}, {"model": "eusay.vote", "pk": 16, "fields": {"user": "s1234591", "isVoteUp": true, "date": "2014-02-21T13:54:17.391"}}, {"model": "eusay.vote", "pk": 17, "fields": {"user": "s1234592", "isVoteUp": false, "date": "2014-02-21T13:54:24.579"}}, {"model": "eusay.vote", "pk": 18, "fields": {"user": "s1234593", "isVoteUp": true, "date": "2014-02-21T13:54:28.343"}}, {"model": "eusay.vote", "pk": 19, "fields": {"user": "s1234593", "isVoteUp": false, "date": "2014-02-21T13:54:29.178"}}, {"model": "eusay.vote", "pk": 20, "fields": {"user": "s1234595", "isVoteUp": true, "date": "2014-02-21T13:57:14.483"}}, {"model": "eusay.vote", "pk": 23, "fields": {"user": "s1234572", "isVoteUp": true, "date": "2014-02-21T14:04:09.698"}}, {"model": "eusay.vote", "pk": 24, "fields": {"user": "s1234597", "isVoteUp": false, "date": "2014-02-21T14:04:22.490"}}, {"model": "eusay.vote", "pk": 25, "fields": {"user": "s1234597", "isVoteUp": false, "date": "2014-02-21T14:04:23.552"}}, {"model": "eusay.vote", "pk": 26, "fields": {"user": "s1234596", "isVoteUp": true, "date": "2014-02-21T14:14:25.313"}}, {"model": "eusay.vote", "pk": 27, "fields": {"user": "s1234599", "isVoteUp": true, "date": "2014-02-21T14:16:07.974"}}, {"model": "eusay.vote", "pk": 29, "fields": {"user": "s1234599", "isVoteUp": true, "date": "2014-02-21T14:17:07.281"}}, {"model": "eusay.vote", "pk": 30, "fields": {"user": "s1234599", "isVoteUp": false, "date": "2014-02-21T14:17:09.586"}}, {"model": "eusay.vote", "pk": 31, "fields": {"user": "s1234599", "isVoteUp": false, "date": "2014-02-21T14:18:45.951"}}, {"model": "eusay.vote", "pk": 32, "fields": {"user": "s1234600", "isVoteUp": true, "date": "2014-02-21T14:28:03.530"}}, {"model": "eusay.vote", "pk": 33, "fields": {"user": "s1234601", "isVoteUp": false, "date": "2014-02-21T14:28:06.328"}}, {"model": "eusay.vote", "pk": 34, "fields": {"user": "s1234602", "isVoteUp": true, "date": "2014-02-21T14:38:37.093"}}, {"model": "eusay.vote", "pk": 35, "fields": {"user": "s1234602", "isVoteUp": false, "date": "2014-02-21T14:38:43.317"}}, {"model": "eusay.vote", "pk": 36, "fields": {"user": "s1234602", "isVoteUp": true, "date": "2014-02-21T14:39:45.459"}}, {"model": "eusay.vote", "pk": 37, "fields": {"user": "s1234603", "isVoteUp": true, "date": "2014-02-21T19:35:57.892"}}, {"model": "eusay.vote", "pk": 38, "fields": {"user": "s1234603", "isVoteUp": true, "date": "2014-02-21T19:35:58.924"}}, {"model": "eusay.vote", "pk": 39, "fields": {"user": "s1234603", "isVoteUp": false, "date": "2014-02-21T19:35:59.838"}}, {"model": "eusay.vote", "pk": 42, "fields": {"user": "s1234571", "isVoteUp": true, "date": "2014-02-21T21:40:45.250"}}, {"model": "eusay.vote", "pk": 43, "fields": {"user": "s1234597", "isVoteUp": true, "date": "2014-02-21T21:43:43.533"}}, {"model": "eusay.vote", "pk": 44, "fields": {"user": "s1234567", "isVoteUp": false, "date": "2014-02-21T22:05:24.736"}}, {"model": "eusay.vote", "pk": 45, "fields": {"user": "s1234567", "isVoteUp": true, "date": "2014-02-21T22:05:30.518"}}, {"model": "eusay.vote", "pk": 46, "fields": {"user": "s1234567", "isVoteUp": false, "date": "2014-02-21T22:05:33.548"}}, {"model": "eusay.vote", "pk": 47, "fields": {"user": "s1234604", "isVoteUp": true, "date": "2014-02-21T22:05:46.501"}}, {"model": "eusay.vote", "pk": 48, "fields": {"user": "s1234605", "isVoteUp": true, "date": "2014-02-21T22:05:54.328"}}, {"model": "eusay.vote", "pk": 50, "fields": {"user": "s1234597", "isVoteUp": true, "date": "2014-02-21T22:30:12.471"}}, {"model": "eusay.vote", "pk": 51, "fields": {"user": "s1234597", "isVoteUp": false, "date": "2014-02-21T22:30:14.327"}}, {"model": "eusay.vote", "pk": 52, "fields": {"user": "s1234597", "isVoteUp": false, "date": "2014-02-21T22:30:28.737"}}, {"model": "eusay.vote", "pk": 53, "fields": {"user": "s1234597", "isVoteUp": true, "date": "2014-02-21T22:30:31.331"}}, {"model": "eusay.vote", "pk": 54, "fields": {"user": "s1234571", "isVoteUp": false, "date": "2014-02-21T23:01:03.837"}}, {"model": "eusay.vote", "pk": 55, "fields": {"user": "s1234607", "isVoteUp": true, "date": "2014-02-22T00:17:48.258"}}, {"model": "eusay.vote", "pk": 57, "fields": {"user": "s1234607", "isVoteUp": true, "date": "2014-02-22T00:18:13.380"}}, {"model": "eusay.vote", "pk": 60, "fields": {"user": "s1234607", "isVoteUp": true, "date": "2014-02-22T00:24:30.685"}}, {"model": "eusay.vote", "pk": 61, "fields": {"user": "s1234608", "isVoteUp": true, "date": "2014-02-22T15:22:15.884"}}, {"model": "eusay.vote", "pk": 62, "fields": {"user": "s1234608", "isVoteUp": false, "date": "2014-02-22T15:22:16.982"}}, {"model": "eusay.vote", "pk": 63, "fields": {"user": "s1234610", "isVoteUp": true, "date": "2014-02-22T18:11:25.253"}}, {"model": "eusay.vote", "pk": 64, "fields": {"user": "s1234610", "isVoteUp": true, "date": "2014-02-22T18:11:40.926"}}, {"model": "eusay.vote", "pk": 65, "fields": {"user": "s1234610", "isVoteUp": true, "date": "2014-02-22T18:11:43.510"}}, {"model": "eusay.vote", "pk": 66, "fields": {"user": "s1234626", "isVoteUp": true, "date": "2014-02-22T18:35:41.901"}}, {"model": "eusay.vote", "pk": 67, "fields": {"user": "s1234571", "isVoteUp": true, "date": "2014-02-22T18:40:56.275"}}, {"model": "eusay.vote", "pk": 68, "fields": {"user": "s1234626", "isVoteUp": true, "date": "2014-02-22T18:43:54.182"}}, {"model": "eusay.vote", "pk": 69, "fields": {"user": "s1234626", "isVoteUp": false, "date": "2014-02-22T18:44:30.783"}}, {"model": "eusay.vote", "pk": 70, "fields": {"user": "s1234626", "isVoteUp": true, "date": "2014-02-22T18:44:59.051"}}, {"model": "eusay.vote", "pk": 71, "fields": {"user": "s1234626", "isVoteUp": false, "date": "2014-02-22T18:46:59.669"}}, {"model": "eusay.vote", "pk": 72, "fields": {"user": "s1234626", "isVoteUp": false, "date": "2014-02-22T18:47:00.964"}}, {"model": "eusay.vote", "pk": 73, "fields": {"user": "s1234626", "isVoteUp": true, "date": "2014-02-22T18:47:15.792"}}, {"model": "eusay.vote", "pk": 74, "fields": {"user": "s1234607", "isVoteUp": false, "date": "2014-02-22T19:53:39.544"}}, {"model": "eusay.vote", "pk": 76, "fields": {"user": "s1234603", "isVoteUp": false, "date": "2014-02-22T21:22:27.252"}}, {"model": "eusay.vote", "pk": 77, "fields": {"user": "s1234603", "isVoteUp": true, "date": "2014-02-22T21:22:28.344"}}, {"model": "eusay.vote", "pk": 78, "fields": {"user": "s1234607", "isVoteUp": false, "date": "2014-02-23T16:22:03.859"}}, {"model": "eusay.vote", "pk": 80, "fields": {"user": "s1234607", "isVoteUp": true, "date": "2014-02-23T16:22:22.220"}}, {"model": "eusay.vote", "pk": 81, "fields": {"user": "s1234607", "isVoteUp": true, "date": "2014-02-23T16:39:40.051"}}, {"model": "eusay.vote", "pk": 82, "fields": {"user": "s1234607", "isVoteUp": true, "date": "2014-02-23T16:45:15.344"}}, {"model": "eusay.vote", "pk": 83, "fields": {"user": "s1234607", "isVoteUp": true, "date": "2014-02-23T16:46:01.911"}}, {"model": "eusay.vote", "pk": 84, "fields": {"user": "s1234632", "isVoteUp": true, "date": "2014-02-23T16:46:26.811"}}, {"model": "eusay.vote", "pk": 85, "fields": {"user": "s1234632", "isVoteUp": true, "date": "2014-02-23T16:46:31.337"}}, {"model": "eusay.vote", "pk": 86, "fields": {"user": "s1234632", "isVoteUp": true, "date": "2014-02-23T16:47:30.449"}}, {"model": "eusay.vote", "pk": 87, "fields": {"user": "s1234632", "isVoteUp": true, "date": "2014-02-23T17:05:28.106"}}, {"model": "eusay.vote", "pk": 88, "fields": {"user": "s1234632", "isVoteUp": true, "date": "2014-02-23T17:08:18.880"}}, {"model": "eusay.vote", "pk": 89, "fields": {"user": "s1234633", "isVoteUp": true, "date": "2014-02-23T19:35:02.531"}}, {"model": "eusay.vote", "pk": 90, "fields": {"user": "s1234633", "isVoteUp": true, "date": "2014-02-23T19:35:09.348"}}, {"model": "eusay.vote", "pk": 91, "fields": {"user": "s1234634", "isVoteUp": false, "date": "2014-02-23T23:02:19.323"}}, {"model": "eusay.vote", "pk": 92, "fields": {"user": "s1234636", "isVoteUp": false, "date": "2014-02-23T23:02:36.406"}}, {"model": "eusay.vote", "pk": 93, "fields": {"user": "s1234637", "isVoteUp": false, "date": "2014-02-23T23:02:39.134"}}, {"model": "eusay.vote", "pk": 94, "fields": {"user": "s1234638", "isVoteUp": false, "date": "2014-02-23T23:02:42.101"}}, {"model": "eusay.vote", "pk": 95, "fields": {"user": "s1234639", "isVoteUp": false, "date": "2014-02-23T23:02:44.884"}}, {"model": "eusay.vote", "pk": 96, "fields": {"user": "s1234640", "isVoteUp": false, "date": "2014-02-23T23:02:56.539"}}, {"model": "eusay.vote", "pk": 97, "fields": {"user": "s1234641", "isVoteUp": true, "date": "2014-02-23T23:06:31.186"}}, {"model": "eusay.vote", "pk": 98, "fields": {"user": "s1234642", "isVoteUp": false, "date": "2014-02-23T23:06:35.679"}}, {"model": "eusay.vote", "pk": 99, "fields": {"user": "s1234632", "isVoteUp": false, "date": "2014-02-23T23:49:22.704"}}, {"model": "eusay.vote", "pk": 100, "fields": {"user": "s1234632", "isVoteUp": true, "date": "2014-02-23T23:49:34.744"}}, {"model": "eusay.vote", "pk": 101, "fields": {"user": "s1234632", "isVoteUp": false, "date": "2014-02-23T23:49:37.959"}}, {"model": "eusay.vote", "pk": 102, "fields": {"user": "s1234677", "isVoteUp": true, "date": "2014-02-24T09:08:20.636"}}, {"model": "eusay.vote", "pk": 103, "fields": {"user": "s1234677", "isVoteUp": true, "date": "2014-02-24T09:08:29.846"}}, {"model": "eusay.vote", "pk": 105, "fields": {"user": "s1234679", "isVoteUp": true, "date": "2014-02-24T09:27:08.263"}}, {"model": "eusay.vote", "pk": 107, "fields": {"user": "s1234682", "isVoteUp": false, "date": "2014-02-24T16:17:10.569"}}, {"model": "eusay.vote", "pk": 108, "fields": {"user": "s1234682", "isVoteUp": false, "date": "2014-02-24T16:17:12.895"}}, {"model": "eusay.vote", "pk": 109, "fields": {"user": "s1234682", "isVoteUp": true, "date": "2014-02-24T16:17:16.461"}}, {"model": "eusay.vote", "pk": 110, "fields": {"user": "s1234682", "isVoteUp": true, "date": "2014-02-24T16:17:21.859"}}, {"model": "eusay.vote", "pk": 111, "fields": {"user": "s1234682", "isVoteUp": false, "date": "2014-02-24T16:17:26.425"}}, {"model": "eusay.vote", "pk": 112, "fields": {"user": "s1234632", "isVoteUp": false, "date": "2014-02-25T00:55:48.760"}}, {"model": "eusay.vote", "pk": 113, "fields": {"user": "s1234679", "isVoteUp": true, "date": "2014-02-25T20:15:13.408"}}, {"model": "eusay.vote", "pk": 115, "fields": {"user": "s1234628", "isVoteUp": true, "date": "2014-02-25T20:26:32.190"}}, {"model": "eusay.vote", "pk": 116, "fields": {"user": "s1234628", "isVoteUp": false, "date": "2014-02-25T20:26:33.118"}}, {"model": "eusay.vote", "pk": 117, "fields": {"user": "s1234628", "isVoteUp": true, "date": "2014-02-25T20:26:37.532"}}, {"model": "eusay.vote", "pk": 118, "fields": {"user": "s1234687", "isVoteUp": true, "date": "2014-02-26T13:09:41.687"}}, {"model": "eusay.vote", "pk": 119, "fields": {"user": "s1234631", "isVoteUp": true, "date": "2014-02-27T21:30:24.395"}}, {"model": "eusay.vote", "pk": 120, "fields": {"user": "s1234699", "isVoteUp": true, "date": "2014-03-02T15:37:28.429"}}, {"model": "eusay.vote", "pk": 121, "fields": {"user": "s1234699", "isVoteUp": true, "date": "2014-03-02T15:37:30.717"}}, {"model": "eusay.vote", "pk": 122, "fields": {"user": "s1234699", "isVoteUp": true, "date": "2014-03-02T15:37:35.794"}}, {"model": "eusay.vote", "pk": 123, "fields": {"user": "s1234699", "isVoteUp": false, "date": "2014-03-02T15:37:50.017"}}, {"model": "eusay.vote", "pk": 124, "fields": {"user": "s1234702", "isVoteUp": true, "date": "2014-04-05T16:25:15.286"}}, {"model": "eusay.vote", "pk": 125, "fields": {"user": "s1234702", "isVoteUp": true, "date": "2014-04-05T16:25:18.110"}}, {"model": "eusay.vote", "pk": 126, "fields": {"user": "s1234702", "isVoteUp": false, "date": "2014-04-05T16:25:20.448"}}, {"model": "eusay.vote", "pk": 127, "fields": {"user": "s1234702", "isVoteUp": true, "date": "2014-04-05T16:25:22.040"}}, {"model": "eusay.vote", "pk": 128, "fields": {"user": "s1234702", "isVoteUp": true, "date": "2014-04-05T16:25:24.016"}}, {"model": "eusay.vote", "pk": 129, "fields": {"user": "s1234702", "isVoteUp": false, "date": "2014-04-05T16:25:25.890"}}, {"model": "eusay.vote", "pk": 130, "fields": {"user": "s1234702", "isVoteUp": true, "date": "2014-04-05T16:25:26.609"}}, {"model": "eusay.vote", "pk": 131, "fields": {"user": "s1234702", "isVoteUp": false, "date": "2014-04-05T16:25:27.676"}}, {"model": "eusay.vote", "pk": 132, "fields": {"user": "s1234702", "isVoteUp": true, "date": "2014-04-05T16:25:28.348"}}, {"model": "eusay.vote", "pk": 133, "fields": {"user": "s1234702", "isVoteUp": true, "date": "2014-04-05T16:25:29.006"}}, {"model": "eusay.vote", "pk": 134, "fields": {"user": "s1234702", "isVoteUp": false, "date": "2014-04-05T16:25:30.440"}}, {"model": "eusay.vote", "pk": 135, "fields": {"user": "s1234702", "isVoteUp": true, "date": "2014-04-05T16:25:31.739"}}, {"model": "eusay.vote", "pk": 136, "fields": {"user": "s1234702", "isVoteUp": true, "date": "2014-04-05T16:25:32.445"}}, {"model": "eusay.vote", "pk": 137, "fields": {"user": "s1234703", "isVoteUp": true, "date": "2014-04-05T16:25:37.541"}}, {"model": "eusay.vote", "pk": 138, "fields": {"user": "s1234703", "isVoteUp": false, "date": "2014-04-05T16:25:38.771"}}, {"model": "eusay.vote", "pk": 139, "fields": {"user": "s1234703", "isVoteUp": true, "date": "2014-04-05T16:25:39.495"}}, {"model": "eusay.vote", "pk": 140, "fields": {"user": "s1234703", "isVoteUp": false, "date": "2014-04-05T16:25:40.436"}}, {"model": "eusay.vote", "pk": 141, "fields": {"user": "s1234703", "isVoteUp": true, "date": "2014-04-05T16:25:41.299"}}, {"model": "eusay.vote", "pk": 142, "fields": {"user": "s1234703", "isVoteUp": false, "date": "2014-04-05T16:25:42.524"}}, {"model": "eusay.vote", "pk": 143, "fields": {"user": "s1234703", "isVoteUp": false, "date": "2014-04-05T16:25:42.987"}}, {"model": "eusay.vote", "pk": 144, "fields": {"user": "s1234703", "isVoteUp": true, "date": "2014-04-05T16:25:43.664"}}, {"model": "eusay.vote", "pk": 145, "fields": {"user": "s1234703", "isVoteUp": true, "date": "2014-04-05T16:25:44.851"}}, {"model": "eusay.vote", "pk": 146, "fields": {"user": "s1234703", "isVoteUp": true, "date": "2014-04-05T16:25:45.759"}}, {"model": "eusay.vote", "pk": 147, "fields": {"user": "s1234703", "isVoteUp": false, "date": "2014-04-05T16:25:46.846"}}, {"model": "eusay.vote", "pk": 148, "fields": {"user": "s1234703", "isVoteUp": true, "date": "2014-04-05T16:25:47.848"}}, {"model": "eusay.vote", "pk": 149, "fields": {"user": "s1234703", "isVoteUp": false, "date": "2014-04-05T16:25:50.470"}}, {"model": "eusay.vote", "pk": 150, "fields": {"user": "s1234703", "isVoteUp": false, "date": "2014-04-05T16:25:51.154"}}, {"model": "eusay.vote", "pk": 151, "fields": {"user": "s1234703", "isVoteUp": false, "date": "2014-04-05T16:25:51.628"}}, {"model": "eusay.vote", "pk": 152, "fields": {"user": "s1234704", "isVoteUp": false, "date": "2014-04-05T16:25:55.938"}}, {"model": "eusay.vote", "pk": 153, "fields": {"user": "s1234704", "isVoteUp": true, "date": "2014-04-05T16:25:56.631"}}, {"model": "eusay.vote", "pk": 154, "fields": {"user": "s1234704", "isVoteUp": false, "date": "2014-04-05T16:25:57.334"}}, {"model": "eusay.vote", "pk": 155, "fields": {"user": "s1234704", "isVoteUp": true, "date": "2014-04-05T16:26:00.066"}}, {"model": "eusay.vote", "pk": 156, "fields": {"user": "s1234704", "isVoteUp": true, "date": "2014-04-05T16:26:01.875"}}, {"model": "eusay.vote", "pk": 157, "fields": {"user": "s1234704", "isVoteUp": false, "date": "2014-04-05T16:26:02.741"}}, {"model": "eusay.vote", "pk": 158, "fields": {"user": "s1234704", "isVoteUp": false, "date": "2014-04-05T16:26:04.176"}}, {"model": "eusay.vote", "pk": 159, "fields": {"user": "s1234704", "isVoteUp": true, "date": "2014-04-05T16:26:04.853"}}, {"model": "eusay.vote", "pk": 160, "fields": {"user": "s1234704", "isVoteUp": false, "date": "2014-04-05T16:26:05.604"}}, {"model": "eusay.vote", "pk": 161, "fields": {"user": "s1234704", "isVoteUp": true, "date": "2014-04-05T16:26:06.743"}}, {"model": "eusay.vote", "pk": 162, "fields": {"user": "s1234704", "isVoteUp": false, "date": "2014-04-05T16:26:07.902"}}, {"model": "eusay.vote", "pk": 163, "fields": {"user": "s1234704", "isVoteUp": true, "date": "2014-04-05T16:26:08.517"}}, {"model": "eusay.vote", "pk": 164, "fields": {"user": "s1234704", "isVoteUp": true, "date": "2014-04-05T16:26:09.676"}}, {"model": "eusay.vote", "pk": 165, "fields": {"user": "s1234704", "isVoteUp": true, "date": "2014-04-05T16:26:10.291"}}, {"model": "eusay.vote", "pk": 167, "fields": {"user": "s1234704", "isVoteUp": false, "date": "2014-04-05T16:26:12.016"}}, {"model": "eusay.vote", "pk": 168, "fields": {"user": "s1234704", "isVoteUp": true, "date": "2014-04-05T16:26:13.501"}}, {"model": "eusay.vote", "pk": 169, "fields": {"user": "s1234704", "isVoteUp": true, "date": "2014-04-05T16:26:14.937"}}, {"model": "eusay.vote", "pk": 170, "fields": {"user": "s1234704", "isVoteUp": false, "date": "2014-04-05T16:26:15.792"}}, {"model": "eusay.vote", "pk": 171, "fields": {"user": "s1234704", "isVoteUp": false, "date": "2014-04-05T16:26:17.972"}}, {"model": "eusay.vote", "pk": 172, "fields": {"user": "s1234705", "isVoteUp": false, "date": "2014-04-05T16:26:25.217"}}, {"model": "eusay.vote", "pk": 173, "fields": {"user": "s1234705", "isVoteUp": true, "date": "2014-04-05T16:26:25.834"}}, {"model": "eusay.vote", "pk": 174, "fields": {"user": "s1234705", "isVoteUp": false, "date": "2014-04-05T16:26:26.510"}}, {"model": "eusay.vote", "pk": 175, "fields": {"user": "s1234705", "isVoteUp": true, "date": "2014-04-05T16:26:27.103"}}, {"model": "eusay.vote", "pk": 176, "fields": {"user": "s1234705", "isVoteUp": false, "date": "2014-04-05T16:26:28.369"}}, {"model": "eusay.vote", "pk": 177, "fields": {"user": "s1234705", "isVoteUp": false, "date": "2014-04-05T16:26:29.768"}}, {"model": "eusay.vote", "pk": 178, "fields": {"user": "s1234705", "isVoteUp": true, "date": "2014-04-05T16:26:31.187"}}, {"model": "eusay.vote", "pk": 179, "fields": {"user": "s1234705", "isVoteUp": false, "date": "2014-04-05T16:26:32.946"}}, {"model": "eusay.vote", "pk": 180, "fields": {"user": "s1234705", "isVoteUp": false, "date": "2014-04-05T16:26:34.119"}}, {"model": "eusay.vote", "pk": 181, "fields": {"user": "s1234705", "isVoteUp": true, "date": "2014-04-05T16:26:38.395"}}, {"model": "eusay.vote", "pk": 182, "fields": {"user": "s1234705", "isVoteUp": false, "date": "2014-04-05T16:26:40.332"}}, {"model": "eusay.vote", "pk": 183, "fields": {"user": "s1234705", "isVoteUp": true, "date": "2014-04-05T16:26:42.624"}}, {"model": "eusay.vote", "pk": 184, "fields": {"user": "s1234705", "isVoteUp": true, "date": "2014-04-05T16:26:45.354"}}, {"model": "eusay.vote", "pk": 185, "fields": {"user": "s1234705", "isVoteUp": false, "date": "2014-04-05T16:26:46.977"}}, {"model": "eusay.vote", "pk": 186, "fields": {"user": "s1234705", "isVoteUp": true, "date": "2014-04-05T16:26:48.281"}}, {"model": "eusay.proposal", "pk": 1, "fields": {"proposer": "s1234567", "submissionDateTime": "2014-02-21", "actionDescription": " Lorem ipsum dolor sit amet, consectetur adipiscing elit. Morbi aliquet molestie ornare. Nam auctor eget ligula ac facilisis. In hac habitasse platea dictumst. Aliquam porta, enim nec ultrices sagittis, ipsum ipsum semper tortor, sit amet dignissim felis lorem vel nibh. Aenean pellentesque magna ante, et lacinia lectus gravida sit amet. Mauris vel odio nec elit suscipit tristique non vitae lectus. Ut aliquet hendrerit purus a eleifend. ", "backgroundDescription": " Donec auctor felis commodo, ullamcorper libero vitae, luctus purus. Donec eu libero at eros suscipit lacinia. Phasellus nec augue at nunc viverra iaculis eget at libero. Praesent orci tellus, aliquet in felis ut, luctus semper urna. Vestibulum non lacus scelerisque, ornare nibh nec, tincidunt velit. Proin sit amet egestas diam. Sed eget aliquam diam. Duis id sagittis arcu. Pellentesque non bibendum neque. Fusce cursus eget quam a bibendum. Donec enim libero, faucibus vitae luctus tempor, venenatis a neque. Praesent nec nibh non justo sagittis viverra vitae vitae enim. Aenean vitae adipiscing arcu. ", "title": "EUSA should support Scottish independence", "beliefsDescription": " Duis consequat mi blandit turpis tincidunt facilisis. Nullam varius faucibus quam non accumsan. Phasellus ac mattis mi, at sagittis nibh. Class aptent taciti sociosqu ad litora torquent per conubia nostra, per inceptos himenaeos. Sed consectetur tempus justo eget aliquam. Phasellus pharetra elit at magna placerat, sit amet luctus magna vestibulum. Proin condimentum nibh id augue pretium, et sodales neque sagittis. Curabitur ut augue dictum, sollicitudin enim sit amet, dictum mauris. Praesent quis auctor massa. Praesent mollis a purus vitae convallis. Nulla eros tortor, cursus non diam nec, hendrerit fringilla ipsum. Praesent lacus lorem, fringilla sit amet mauris quis, placerat rutrum massa. Pellentesque habitant morbi tristique senectus et netus et malesuada fames ac turpis egestas. Etiam sed viverra mi. Ut dui quam, iaculis eu dignissim et, laoreet ac turpis. Morbi scelerisque mi quis posuere accumsan. "}}, {"model": "eusay.proposal", "pk": 2, "fields": {"proposer": "s1234567", "submissionDateTime": "2014-02-21", "actionDescription": "Lorem ipsum dolor sit amet, consectetur adipiscing elit. Duis eget faucibus eros. Ut egestas nisi in massa luctus, sed vestibulum diam tincidunt. Fusce libero mauris, viverra id risus et, lobortis faucibus dui. Etiam scelerisque massa leo, a sollicitudin dui semper viverra. Donec interdum tempus est vel interdum. Curabitur ac placerat metus, id rutrum lacus. Vestibulum ut lorem rutrum, consectetur lorem a, egestas turpis. Fusce pharetra ullamcorper ante, et consectetur nisl cursus et. Maecenas suscipit imperdiet leo blandit facilisis. Vestibulum tortor turpis, ultrices sit amet vulputate ac, auctor vitae nisi. Morbi eget justo dui. ", "backgroundDescription": "Vestibulum et posuere sapien, vitae facilisis massa. Nunc justo est, semper a aliquet ut, vehicula at dui. Suspendisse nec odio sit amet massa varius faucibus pellentesque non nunc. Pellentesque quis varius tortor, ut ultrices leo. Nam a justo eget tortor hendrerit rhoncus sed in enim. Suspendisse posuere enim eget felis rhoncus pulvinar. Aliquam at tincidunt diam. Morbi sem dolor, posuere at lacinia non, feugiat quis massa. Donec in lacus posuere, pharetra augue vel, bibendum ipsum. Duis vitae velit porta, bibendum sapien sit amet, interdum nisl. ", "title": "Free pizza for all students", "beliefsDescription": "Morbi porta eget arcu quis vulputate. In nisi est, suscipit vitae accumsan id, faucibus id sapien. Ut convallis mi iaculis nisl luctus, in ullamcorper felis scelerisque. Phasellus auctor elit eget elit consequat, quis egestas magna porta. Nullam cursus, magna ac tristique volutpat, eros odio mattis enim, id gravida lectus sapien eget orci. Quisque sagittis nulla ut nunc facilisis varius. Aliquam suscipit pulvinar venenatis. Duis consectetur lorem eget nisi porta euismod. Donec elementum tempor eros, vel suscipit nulla tempor vel. Ut sit amet tincidunt erat. Curabitur congue massa vel est pulvinar varius. Donec id nibh nisl. Nunc tincidunt imperdiet eleifend. Pellentesque sollicitudin enim a urna vestibulum placerat. Phasellus pretium nulla risus, quis varius diam euismod et. "}}, {"model": "eusay.proposal", "pk": 3, "fields": {"proposer": "s1234567", "submissionDateTime": "2014-02-21", "actionDescription": "Morbi porta eget arcu quis vulputate. In nisi est, suscipit vitae accumsan id, faucibus id sapien. Ut convallis mi iaculis nisl luctus, in ullamcorper felis scelerisque. Phasellus auctor elit eget elit consequat, quis egestas magna porta. Nullam cursus, magna ac tristique volutpat, eros odio mattis enim, id gravida lectus sapien eget orci. Quisque sagittis nulla ut nunc facilisis varius. Aliquam suscipit pulvinar venenatis. Duis consectetur lorem eget nisi porta euismod. Donec elementum tempor eros, vel suscipit nulla tempor vel. Ut sit amet tincidunt erat. Curabitur congue massa vel est pulvinar varius. Donec id nibh nisl. Nunc tincidunt imperdiet eleifend. Pellentesque sollicitudin enim a urna vestibulum placerat. Phasellus pretium nulla risus, quis varius diam euismod et. ", "backgroundDescription": "Duis interdum, est sed vestibulum mattis, nulla est auctor nisi, vestibulum rhoncus sapien libero in odio. Donec ullamcorper nec nulla ut volutpat. Phasellus quis dolor sem. Aliquam non consectetur dolor. Donec non molestie mauris. Interdum et malesuada fames ac ante ipsum primis in faucibus. Nulla rutrum, ipsum ut egestas vestibulum, enim massa imperdiet ligula, vitae porta nisi dolor ac est. Praesent luctus, diam ut dignissim fermentum, lacus purus dictum eros, et ultrices arcu lectus sit amet nulla. Curabitur vestibulum blandit consequat. Nullam massa nisi, congue at lorem sed, vestibulum fringilla metus. Donec egestas lacus at mi ullamcorper mollis. Sed vitae viverra massa, suscipit porttitor quam. Nullam in risus auctor, tempus orci sed, pulvinar ipsum. Etiam elementum, ligula nec convallis suscipit, tortor quam auctor velit, sed porta est felis sed sem. Nulla nec mi rhoncus, egestas lacus a, lacinia lacus. ", "title": "Support the divestment campaign", "beliefsDescription": "Maecenas ullamcorper id mi eget elementum. Sed ultricies ante lectus, cursus vulputate diam egestas et. Vivamus nec fermentum nisl. Phasellus consequat purus non est tincidunt, quis semper dui sollicitudin. Praesent eu nunc aliquam, rutrum orci viverra, dignissim diam. Donec non est magna. Integer et ante auctor, venenatis ipsum ut, ornare diam. "}}, {"model": "eusay.proposal", "pk": 4, "fields": {"proposer": "s1234567", "submissionDateTime": "2014-02-21", "actionDescription": "Lorem ipsum dolor sit amet, consectetur adipiscing elit. Duis eget faucibus eros. Ut egestas nisi in massa luctus, sed vestibulum diam tincidunt. Fusce libero mauris, viverra id risus et, lobortis faucibus dui. Etiam scelerisque massa leo, a sollicitudin dui semper viverra. Donec interdum tempus est vel interdum. Curabitur ac placerat metus, id rutrum lacus. Vestibulum ut lorem rutrum, consectetur lorem a, egestas turpis. Fusce pharetra ullamcorper ante, et consectetur nisl cursus et. Maecenas suscipit imperdiet leo blandit facilisis. Vestibulum tortor turpis, ultrices sit amet vulputate ac, auctor vitae nisi. Morbi eget justo dui. ", "backgroundDescription": "Vestibulum et posuere sapien, vitae facilisis massa. Nunc justo est, semper a aliquet ut, vehicula at dui. Suspendisse nec odio sit amet massa varius faucibus pellentesque non nunc. Pellentesque quis varius tortor, ut ultrices leo. Nam a justo eget tortor hendrerit rhoncus sed in enim. Suspendisse posuere enim eget felis rhoncus pulvinar. Aliquam at tincidunt diam. Morbi sem dolor, posuere at lacinia non, feugiat quis massa. Donec in lacus posuere, pharetra augue vel, bibendum ipsum. Duis vitae velit porta, bibendum sapien sit amet, interdum nisl. ", "title": "More hackathons", "beliefsDescription": " Duis consequat mi blandit turpis tincidunt facilisis. Nullam varius faucibus quam non accumsan. Phasellus ac mattis mi, at sagittis nibh. Class aptent taciti sociosqu ad litora torquent per conubia nostra, per inceptos himenaeos. Sed consectetur tempus justo eget aliquam. Phasellus pharetra elit at magna placerat, sit amet luctus magna vestibulum. Proin condimentum nibh id augue pretium, et sodales neque sagittis. Curabitur ut augue dictum, sollicitudin enim sit amet, dictum mauris. Praesent quis auctor massa. Praesent mollis a purus vitae convallis. Nulla eros tortor, cursus non diam nec, hendrerit fringilla ipsum. Praesent lacus lorem, fringilla sit amet mauris quis, placerat rutrum massa. Pellentesque habitant morbi tristique senectus et netus et malesuada fames ac turpis egestas. Etiam sed viverra mi. Ut dui quam, iaculis eu dignissim et, laoreet ac turpis. Morbi scelerisque mi quis posuere accumsan. "}}, {"model": "eusay.proposal", "pk": 6, "fields": {"proposer": "s1234626", "submissionDateTime": "2014-02-22", "actionDescription": "EUSA shall book Cascada and Venga Boys alternating on weekends throughout the whole year. Additional costs shall be paid by the University's principal. In return, the principal is granted compulsory free entry till 11pm and drink vouchers worth \u00a337.85.", "backgroundDescription": "This new event structure would provide the University community with the opportunity to party with its principal every Saturday to classics like \"Every time we touch\" or \"Boom, boom, boom, boom, I want you in my room\".", "title": "Cascada and Venga Boys at Potterow all year.", "beliefsDescription": "FUN FUN FUN"}}, {"model": "eusay.proposal", "pk": 7, "fields": {"proposer": "s1234626", "submissionDateTime": "2014-02-22", "actionDescription": "Substitute all EUSA shop items with their Weight Watchers pendants. ", "backgroundDescription": "Students shall be forced to buy less tasty food when shopping in EUSA shops. ", "title": "Only Weight Watchers products in EUSA shops.", "beliefsDescription": "Weight Watchers is the Brand I Believe In!"}}, {"model": "eusay.proposal", "pk": 8, "fields": {"proposer": "s1234687", "submissionDateTime": "2014-02-26", "actionDescription": "Lorem ipsum dolor sit amet, consectetur adipiscing elit. Duis eget faucibus eros. Ut egestas nisi in massa luctus, sed vestibulum diam tincidunt. Fusce libero mauris, viverra id risus et, lobortis faucibus dui. Etiam scelerisque massa leo, a sollicitudin dui semper viverra. Donec interdum tempus est vel interdum. Curabitur ac placerat metus, id rutrum lacus. Vestibulum ut lorem rutrum, consectetur lorem a, egestas turpis. Fusce pharetra ullamcorper ante, et consectetur nisl cursus et. Maecenas suscipit imperdiet leo blandit facilisis. Vestibulum tortor turpis, ultrices sit amet vulputate ac, auctor vitae nisi. Morbi eget justo dui. ", "backgroundDescription": "Vestibulum et posuere sapien, vitae facilisis massa. Nunc justo est, semper a aliquet ut, vehicula at dui. Suspendisse nec odio sit amet massa varius faucibus pellentesque non nunc. Pellentesque quis varius tortor, ut ultrices leo. Nam a justo eget tortor hendrerit rhoncus sed in enim. Suspendisse posuere enim eget felis rhoncus pulvinar. Aliquam at tincidunt diam. Morbi sem dolor, posuere at lacinia non, feugiat quis massa. Donec in lacus posuere, pharetra augue vel, bibendum ipsum. Duis vitae velit porta, bibendum sapien sit amet, interdum nisl. ", "title": "EUSA should make something cool with the help of students", "beliefsDescription": " Duis consequat mi blandit turpis tincidunt facilisis. Nullam varius faucibus quam non accumsan. Phasellus ac mattis mi, at sagittis nibh. Class aptent taciti sociosqu ad litora torquent per conubia nostra, per inceptos himenaeos. Sed consectetur tempus justo eget aliquam. Phasellus pharetra elit at magna placerat, sit amet luctus magna vestibulum. Proin condimentum nibh id augue pretium, et sodales neque sagittis. Curabitur ut augue dictum, sollicitudin enim sit amet, dictum mauris. Praesent quis auctor massa. Praesent mollis a purus vitae convallis. Nulla eros tortor, cursus non diam nec, hendrerit fringilla ipsum. Praesent lacus lorem, fringilla sit amet mauris quis, placerat rutrum massa. Pellentesque habitant morbi tristique senectus et netus et malesuada fames ac turpis egestas. Etiam sed viverra mi. Ut dui quam, iaculis eu dignissim et, laoreet ac turpis. Morbi scelerisque mi quis posuere accumsan. "}}, {"model": "eusay.proposal", "pk": 9, "fields": {"proposer": "s1234702", "submissionDateTime": "2014-04-05", "actionDescription": "Lorem ipsum dolor sit amet, consectetur adipiscing elit. Donec a diam lectus. Sed sit amet ipsum mauris. Maecenas congue ligula ac quam viverra nec consectetur ante hendrerit. Donec et mollis dolor. Praesent et diam eget libero egestas mattis sit amet vitae augue. Nam tincidunt congue enim, ut porta lorem lacinia consectetur. Donec ut libero sed arcu vehicula ultricies a non tortor. Lorem ipsum dolor sit amet, consectetur adipiscing elit. Aenean ut gravida lorem. Ut turpis felis, pulvinar a semper sed, adipiscing id dolor. Pellentesque auctor nisi id magna consequat sagittis. Curabitur dapibus enim sit amet elit pharetra tincidunt feugiat nisl imperdiet. Ut convallis libero in urna ultrices accumsan. Donec sed odio eros. Donec viverra mi quis quam pulvinar at malesuada arcu rhoncus. Cum sociis natoque penatibus et magnis dis parturient montes, nascetur ridiculus mus. In rutrum accumsan ultricies. Mauris vitae nisi at sem facilisis semper ac in est.", "backgroundDescription": "Lorem ipsum dolor sit amet, consectetur adipiscing elit. Donec a diam lectus. Sed sit amet ipsum mauris. Maecenas congue ligula ac quam viverra nec consectetur ante hendrerit. Donec et mollis dolor. Praesent et diam eget libero egestas mattis sit amet vitae augue. Nam tincidunt congue enim, ut porta lorem lacinia consectetur. Donec ut libero sed arcu vehicula ultricies a non tortor. Lorem ipsum dolor sit amet, consectetur adipiscing elit. Aenean ut gravida lorem. Ut turpis felis, pulvinar a semper sed, adipiscing id dolor. Pellentesque auctor nisi id magna consequat sagittis. Curabitur dapibus enim sit amet elit pharetra tincidunt feugiat nisl imperdiet. Ut convallis libero in urna ultrices accumsan. Donec sed odio eros. Donec viverra mi quis quam pulvinar at malesuada arcu rhoncus. Cum sociis natoque penatibus et magnis dis parturient montes, nascetur ridiculus mus. In rutrum accumsan ultricies. Mauris vitae nisi at sem facilisis semper ac in est.", "title": "Support a reevaluation of the ethics board for vivisection", "beliefsDescription": "Lorem ipsum dolor sit amet, consectetur adipiscing elit. Donec a diam lectus. Sed sit amet ipsum mauris. Maecenas congue ligula ac quam viverra nec consectetur ante hendrerit. Donec et mollis dolor. Praesent et diam eget libero egestas mattis sit amet vitae augue. Nam tincidunt congue enim, ut porta lorem lacinia consectetur. Donec ut libero sed arcu vehicula ultricies a non tortor. Lorem ipsum dolor sit amet, consectetur adipiscing elit. Aenean ut gravida lorem. Ut turpis felis, pulvinar a semper sed, adipiscing id dolor. Pellentesque auctor nisi id magna consequat sagittis. Curabitur dapibus enim sit amet elit pharetra tincidunt feugiat nisl imperdiet. Ut convallis libero in urna ultrices accumsan. Donec sed odio eros. Donec viverra mi quis quam pulvinar at malesuada arcu rhoncus. Cum sociis natoque penatibus et magnis dis parturient montes, nascetur ridiculus mus. In rutrum accumsan ultricies. Mauris vitae nisi at sem facilisis semper ac in est."}}, {"model": "eusay.proposal", "pk": 10, "fields": {"proposer": "s1234702", "submissionDateTime": "2014-04-05", "actionDescription": "Lorem ipsum dolor sit amet, consectetur adipiscing elit. Donec a diam lectus. Sed sit amet ipsum mauris. Maecenas congue ligula ac quam viverra nec consectetur ante hendrerit. Donec et mollis dolor. Praesent et diam eget libero egestas mattis sit amet vitae augue. Nam tincidunt congue enim, ut porta lorem lacinia consectetur. Donec ut libero sed arcu vehicula ultricies a non tortor. Lorem ipsum dolor sit amet, consectetur adipiscing elit. Aenean ut gravida lorem. Ut turpis felis, pulvinar a semper sed, adipiscing id dolor. Pellentesque auctor nisi id magna consequat sagittis. Curabitur dapibus enim sit amet elit pharetra tincidunt feugiat nisl imperdiet. Ut convallis libero in urna ultrices accumsan. Donec sed odio eros. Donec viverra mi quis quam pulvinar at malesuada arcu rhoncus. Cum sociis natoque penatibus et magnis dis parturient montes, nascetur ridiculus mus. In rutrum accumsan ultricies. Mauris vitae nisi at sem facilisis semper ac in est.", "backgroundDescription": "Lorem ipsum dolor sit amet, consectetur adipiscing elit. Donec a diam lectus. Sed sit amet ipsum mauris. Maecenas congue ligula ac quam viverra nec consectetur ante hendrerit. Donec et mollis dolor. Praesent et diam eget libero egestas mattis sit amet vitae augue. Nam tincidunt congue enim, ut porta lorem lacinia consectetur. Donec ut libero sed arcu vehicula ultricies a non tortor. Lorem ipsum dolor sit amet, consectetur adipiscing elit. Aenean ut gravida lorem. Ut turpis felis, pulvinar a semper sed, adipiscing id dolor. Pellentesque auctor nisi id magna consequat sagittis. Curabitur dapibus enim sit amet elit pharetra tincidunt feugiat nisl imperdiet. Ut convallis libero in urna ultrices accumsan. Donec sed odio eros. Donec viverra mi quis quam pulvinar at malesuada arcu rhoncus. Cum sociis natoque penatibus et magnis dis parturient montes, nascetur ridiculus mus. In rutrum accumsan ultricies. Mauris vitae nisi at sem facilisis semper ac in est.", "title": "Push the university to record all lectures", "beliefsDescription": "Lorem ipsum dolor sit amet, consectetur adipiscing elit. Donec a diam lectus. Sed sit amet ipsum mauris. Maecenas congue ligula ac quam viverra nec consectetur ante hendrerit. Donec et mollis dolor. Praesent et diam eget libero egestas mattis sit amet vitae augue. Nam tincidunt congue enim, ut porta lorem lacinia consectetur. Donec ut libero sed arcu vehicula ultricies a non tortor. Lorem ipsum dolor sit amet, consectetur adipiscing elit. Aenean ut gravida lorem. Ut turpis felis, pulvinar a semper sed, adipiscing id dolor. Pellentesque auctor nisi id magna consequat sagittis. Curabitur dapibus enim sit amet elit pharetra tincidunt feugiat nisl imperdiet. Ut convallis libero in urna ultrices accumsan. Donec sed odio eros. Donec viverra mi quis quam pulvinar at malesuada arcu rhoncus. Cum sociis natoque penatibus et magnis dis parturient montes, nascetur ridiculus mus. In rutrum accumsan ultricies. Mauris vitae nisi at sem facilisis semper ac in est."}}, {"model": "eusay.proposal", "pk": 11, "fields": {"proposer": "s1234702", "submissionDateTime": "2014-04-05", "actionDescription": "Lorem ipsum dolor sit amet, consectetur adipiscing elit. Donec a diam lectus. Sed sit amet ipsum mauris. Maecenas congue ligula ac quam viverra nec consectetur ante hendrerit. Donec et mollis dolor. Praesent et diam eget libero egestas mattis sit amet vitae augue. Nam tincidunt congue enim, ut porta lorem lacinia consectetur. Donec ut libero sed arcu vehicula ultricies a non tortor. Lorem ipsum dolor sit amet, consectetur adipiscing elit. Aenean ut gravida lorem. Ut turpis felis, pulvinar a semper sed, adipiscing id dolor. Pellentesque auctor nisi id magna consequat sagittis. Curabitur dapibus enim sit amet elit pharetra tincidunt feugiat nisl imperdiet. Ut convallis libero in urna ultrices accumsan. Donec sed odio eros. Donec viverra mi quis quam pulvinar at malesuada arcu rhoncus. Cum sociis natoque penatibus et magnis dis parturient montes, nascetur ridiculus mus. In rutrum accumsan ultricies. Mauris vitae nisi at sem facilisis semper ac in est.", "backgroundDescription": "Lorem ipsum dolor sit amet, consectetur adipiscing elit. Donec a diam lectus. Sed sit amet ipsum mauris. Maecenas congue ligula ac quam viverra nec consectetur ante hendrerit. Donec et mollis dolor. Praesent et diam eget libero egestas mattis sit amet vitae augue. Nam tincidunt congue enim, ut porta lorem lacinia consectetur. Donec ut libero sed arcu vehicula ultricies a non tortor. Lorem ipsum dolor sit amet, consectetur adipiscing elit. Aenean ut gravida lorem. Ut turpis felis, pulvinar a semper sed, adipiscing id dolor. Pellentesque auctor nisi id magna consequat sagittis. Curabitur dapibus enim sit amet elit pharetra tincidunt feugiat nisl imperdiet. Ut convallis libero in urna ultrices accumsan. Donec sed odio eros. Donec viverra mi quis quam pulvinar at malesuada arcu rhoncus. Cum sociis natoque penatibus et magnis dis parturient montes, nascetur ridiculus mus. In rutrum accumsan ultricies. Mauris vitae nisi at sem facilisis semper ac in est.", "title": "Replace the KB bus with a helicopter", "beliefsDescription": "Lorem ipsum dolor sit amet, consectetur adipiscing elit. Donec a diam lectus. Sed sit amet ipsum mauris. Maecenas congue ligula ac quam viverra nec consectetur ante hendrerit. Donec et mollis dolor. Praesent et diam eget libero egestas mattis sit amet vitae augue. Nam tincidunt congue enim, ut porta lorem lacinia consectetur. Donec ut libero sed arcu vehicula ultricies a non tortor. Lorem ipsum dolor sit amet, consectetur adipiscing elit. Aenean ut gravida lorem. Ut turpis felis, pulvinar a semper sed, adipiscing id dolor. Pellentesque auctor nisi id magna consequat sagittis. Curabitur dapibus enim sit amet elit pharetra tincidunt feugiat nisl imperdiet. Ut convallis libero in urna ultrices accumsan. Donec sed odio eros. Donec viverra mi quis quam pulvinar at malesuada arcu rhoncus. Cum sociis natoque penatibus et magnis dis parturient montes, nascetur ridiculus mus. In rutrum accumsan ultricies. Mauris vitae nisi at sem facilisis semper ac in est."}}, {"model": "eusay.proposal", "pk": 12, "fields": {"proposer": "s1234702", "submissionDateTime": "2014-04-05", "actionDescription": "Lorem ipsum dolor sit amet, consectetur adipiscing elit. Donec a diam lectus. Sed sit amet ipsum mauris. Maecenas congue ligula ac quam viverra nec consectetur ante hendrerit. Donec et mollis dolor. Praesent et diam eget libero egestas mattis sit amet vitae augue. Nam tincidunt congue enim, ut porta lorem lacinia consectetur. Donec ut libero sed arcu vehicula ultricies a non tortor. Lorem ipsum dolor sit amet, consectetur adipiscing elit. Aenean ut gravida lorem. Ut turpis felis, pulvinar a semper sed, adipiscing id dolor. Pellentesque auctor nisi id magna consequat sagittis. Curabitur dapibus enim sit amet elit pharetra tincidunt feugiat nisl imperdiet. Ut convallis libero in urna ultrices accumsan. Donec sed odio eros. Donec viverra mi quis quam pulvinar at malesuada arcu rhoncus. Cum sociis natoque penatibus et magnis dis parturient montes, nascetur ridiculus mus. In rutrum accumsan ultricies. Mauris vitae nisi at sem facilisis semper ac in est.", "backgroundDescription": "Lorem ipsum dolor sit amet, consectetur adipiscing elit. Donec a diam lectus. Sed sit amet ipsum mauris. Maecenas congue ligula ac quam viverra nec consectetur ante hendrerit. Donec et mollis dolor. Praesent et diam eget libero egestas mattis sit amet vitae augue. Nam tincidunt congue enim, ut porta lorem lacinia consectetur. Donec ut libero sed arcu vehicula ultricies a non tortor. Lorem ipsum dolor sit amet, consectetur adipiscing elit. Aenean ut gravida lorem. Ut turpis felis, pulvinar a semper sed, adipiscing id dolor. Pellentesque auctor nisi id magna consequat sagittis. Curabitur dapibus enim sit amet elit pharetra tincidunt feugiat nisl imperdiet. Ut convallis libero in urna ultrices accumsan. Donec sed odio eros. Donec viverra mi quis quam pulvinar at malesuada arcu rhoncus. Cum sociis natoque penatibus et magnis dis parturient montes, nascetur ridiculus mus. In rutrum accumsan ultricies. Mauris vitae nisi at sem facilisis semper ac in est.", "title": "Ask Tim O'Shea to dye his hair pink", "beliefsDescription": "Lorem ipsum dolor sit amet, consectetur adipiscing elit. Donec a diam lectus. Sed sit amet ipsum mauris. Maecenas congue ligula ac quam viverra nec consectetur ante hendrerit. Donec et mollis dolor. Praesent et diam eget libero egestas mattis sit amet vitae augue. Nam tincidunt congue enim, ut porta lorem lacinia consectetur. Donec ut libero sed arcu vehicula ultricies a non tortor. Lorem ipsum dolor sit amet, consectetur adipiscing elit. Aenean ut gravida lorem. Ut turpis felis, pulvinar a semper sed, adipiscing id dolor. Pellentesque auctor nisi id magna consequat sagittis. Curabitur dapibus enim sit amet elit pharetra tincidunt feugiat nisl imperdiet. Ut convallis libero in urna ultrices accumsan. Donec sed odio eros. Donec viverra mi quis quam pulvinar at malesuada arcu rhoncus. Cum sociis natoque penatibus et magnis dis parturient montes, nascetur ridiculus mus. In rutrum accumsan ultricies. Mauris vitae nisi at sem facilisis semper ac in est."}}, {"model": "eusay.proposal", "pk": 13, "fields": {"proposer": "s1234702", "submissionDateTime": "2014-04-05", "actionDescription": "Lorem ipsum dolor sit amet, consectetur adipiscing elit. Donec a diam lectus. Sed sit amet ipsum mauris. Maecenas congue ligula ac quam viverra nec consectetur ante hendrerit. Donec et mollis dolor. Praesent et diam eget libero egestas mattis sit amet vitae augue. Nam tincidunt congue enim, ut porta lorem lacinia consectetur. Donec ut libero sed arcu vehicula ultricies a non tortor. Lorem ipsum dolor sit amet, consectetur adipiscing elit. Aenean ut gravida lorem. Ut turpis felis, pulvinar a semper sed, adipiscing id dolor. Pellentesque auctor nisi id magna consequat sagittis. Curabitur dapibus enim sit amet elit pharetra tincidunt feugiat nisl imperdiet. Ut convallis libero in urna ultrices accumsan. Donec sed odio eros. Donec viverra mi quis quam pulvinar at malesuada arcu rhoncus. Cum sociis natoque penatibus et magnis dis parturient montes, nascetur ridiculus mus. In rutrum accumsan ultricies. Mauris vitae nisi at sem facilisis semper ac in est.", "backgroundDescription": "Lorem ipsum dolor sit amet, consectetur adipiscing elit. Donec a diam lectus. Sed sit amet ipsum mauris. Maecenas congue ligula ac quam viverra nec consectetur ante hendrerit. Donec et mollis dolor. Praesent et diam eget libero egestas mattis sit amet vitae augue. Nam tincidunt congue enim, ut porta lorem lacinia consectetur. Donec ut libero sed arcu vehicula ultricies a non tortor. Lorem ipsum dolor sit amet, consectetur adipiscing elit. Aenean ut gravida lorem. Ut turpis felis, pulvinar a semper sed, adipiscing id dolor. Pellentesque auctor nisi id magna consequat sagittis. Curabitur dapibus enim sit amet elit pharetra tincidunt feugiat nisl imperdiet. Ut convallis libero in urna ultrices accumsan. Donec sed odio eros. Donec viverra mi quis quam pulvinar at malesuada arcu rhoncus. Cum sociis natoque penatibus et magnis dis parturient montes, nascetur ridiculus mus. In rutrum accumsan ultricies. Mauris vitae nisi at sem facilisis semper ac in est.", "title": "Have movie nights *every* night", "beliefsDescription": "Lorem ipsum dolor sit amet, consectetur adipiscing elit. Donec a diam lectus. Sed sit amet ipsum mauris. Maecenas congue ligula ac quam viverra nec consectetur ante hendrerit. Donec et mollis dolor. Praesent et diam eget libero egestas mattis sit amet vitae augue. Nam tincidunt congue enim, ut porta lorem lacinia consectetur. Donec ut libero sed arcu vehicula ultricies a non tortor. Lorem ipsum dolor sit amet, consectetur adipiscing elit. Aenean ut gravida lorem. Ut turpis felis, pulvinar a semper sed, adipiscing id dolor. Pellentesque auctor nisi id magna consequat sagittis. Curabitur dapibus enim sit amet elit pharetra tincidunt feugiat nisl imperdiet. Ut convallis libero in urna ultrices accumsan. Donec sed odio eros. Donec viverra mi quis quam pulvinar at malesuada arcu rhoncus. Cum sociis natoque penatibus et magnis dis parturient montes, nascetur ridiculus mus. In rutrum accumsan ultricies. Mauris vitae nisi at sem facilisis semper ac in est."}}, {"model": "eusay.proposal", "pk": 14, "fields": {"proposer": "s1234702", "submissionDateTime": "2014-04-05", "actionDescription": "Lorem ipsum dolor sit amet, consectetur adipiscing elit. Donec a diam lectus. Sed sit amet ipsum mauris. Maecenas congue ligula ac quam viverra nec consectetur ante hendrerit. Donec et mollis dolor. Praesent et diam eget libero egestas mattis sit amet vitae augue. Nam tincidunt congue enim, ut porta lorem lacinia consectetur. Donec ut libero sed arcu vehicula ultricies a non tortor. Lorem ipsum dolor sit amet, consectetur adipiscing elit. Aenean ut gravida lorem. Ut turpis felis, pulvinar a semper sed, adipiscing id dolor. Pellentesque auctor nisi id magna consequat sagittis. Curabitur dapibus enim sit amet elit pharetra tincidunt feugiat nisl imperdiet. Ut convallis libero in urna ultrices accumsan. Donec sed odio eros. Donec viverra mi quis quam pulvinar at malesuada arcu rhoncus. Cum sociis natoque penatibus et magnis dis parturient montes, nascetur ridiculus mus. In rutrum accumsan ultricies. Mauris vitae nisi at sem facilisis semper ac in est.", "backgroundDescription": "Lorem ipsum dolor sit amet, consectetur adipiscing elit. Donec a diam lectus. Sed sit amet ipsum mauris. Maecenas congue ligula ac quam viverra nec consectetur ante hendrerit. Donec et mollis dolor. Praesent et diam eget libero egestas mattis sit amet vitae augue. Nam tincidunt congue enim, ut porta lorem lacinia consectetur. Donec ut libero sed arcu vehicula ultricies a non tortor. Lorem ipsum dolor sit amet, consectetur adipiscing elit. Aenean ut gravida lorem. Ut turpis felis, pulvinar a semper sed, adipiscing id dolor. Pellentesque auctor nisi id magna consequat sagittis. Curabitur dapibus enim sit amet elit pharetra tincidunt feugiat nisl imperdiet. Ut convallis libero in urna ultrices accumsan. Donec sed odio eros. Donec viverra mi quis quam pulvinar at malesuada arcu rhoncus. Cum sociis natoque penatibus et magnis dis parturient montes, nascetur ridiculus mus. In rutrum accumsan ultricies. Mauris vitae nisi at sem facilisis semper ac in est.", "title": "Replace all floors with trampolines", "beliefsDescription": "Lorem ipsum dolor sit amet, consectetur adipiscing elit. Donec a diam lectus. Sed sit amet ipsum mauris. Maecenas congue ligula ac quam viverra nec consectetur ante hendrerit. Donec et mollis dolor. Praesent et diam eget libero egestas mattis sit amet vitae augue. Nam tincidunt congue enim, ut porta lorem lacinia consectetur. Donec ut libero sed arcu vehicula ultricies a non tortor. Lorem ipsum dolor sit amet, consectetur adipiscing elit. Aenean ut gravida lorem. Ut turpis felis, pulvinar a semper sed, adipiscing id dolor. Pellentesque auctor nisi id magna consequat sagittis. Curabitur dapibus enim sit amet elit pharetra tincidunt feugiat nisl imperdiet. Ut convallis libero in urna ultrices accumsan. Donec sed odio eros. Donec viverra mi quis quam pulvinar at malesuada arcu rhoncus. Cum sociis natoque penatibus et magnis dis parturient montes, nascetur ridiculus mus. In rutrum accumsan ultricies. Mauris vitae nisi at sem facilisis semper ac in est."}}, {"model": "eusay.proposal", "pk": 15, "fields": {"proposer": "s1234702", "submissionDateTime": "2014-04-05", "actionDescription": "Lorem ipsum dolor sit amet, consectetur adipiscing elit. Donec a diam lectus. Sed sit amet ipsum mauris. Maecenas congue ligula ac quam viverra nec consectetur ante hendrerit. Donec et mollis dolor. Praesent et diam eget libero egestas mattis sit amet vitae augue. Nam tincidunt congue enim, ut porta lorem lacinia consectetur. Donec ut libero sed arcu vehicula ultricies a non tortor. Lorem ipsum dolor sit amet, consectetur adipiscing elit. Aenean ut gravida lorem. Ut turpis felis, pulvinar a semper sed, adipiscing id dolor. Pellentesque auctor nisi id magna consequat sagittis. Curabitur dapibus enim sit amet elit pharetra tincidunt feugiat nisl imperdiet. Ut convallis libero in urna ultrices accumsan. Donec sed odio eros. Donec viverra mi quis quam pulvinar at malesuada arcu rhoncus. Cum sociis natoque penatibus et magnis dis parturient montes, nascetur ridiculus mus. In rutrum accumsan ultricies. Mauris vitae nisi at sem facilisis semper ac in est.", "backgroundDescription": "Lorem ipsum dolor sit amet, consectetur adipiscing elit. Donec a diam lectus. Sed sit amet ipsum mauris. Maecenas congue ligula ac quam viverra nec consectetur ante hendrerit. Donec et mollis dolor. Praesent et diam eget libero egestas mattis sit amet vitae augue. Nam tincidunt congue enim, ut porta lorem lacinia consectetur. Donec ut libero sed arcu vehicula ultricies a non tortor. Lorem ipsum dolor sit amet, consectetur adipiscing elit. Aenean ut gravida lorem. Ut turpis felis, pulvinar a semper sed, adipiscing id dolor. Pellentesque auctor nisi id magna consequat sagittis. Curabitur dapibus enim sit amet elit pharetra tincidunt feugiat nisl imperdiet. Ut convallis libero in urna ultrices accumsan. Donec sed odio eros. Donec viverra mi quis quam pulvinar at malesuada arcu rhoncus. Cum sociis natoque penatibus et magnis dis parturient montes, nascetur ridiculus mus. In rutrum accumsan ultricies. Mauris vitae nisi at sem facilisis semper ac in est.", "title": "Demolish Appleton Tower", "beliefsDescription": "Lorem ipsum dolor sit amet, consectetur adipiscing elit. Donec a diam lectus. Sed sit amet ipsum mauris. Maecenas congue ligula ac quam viverra nec consectetur ante hendrerit. Donec et mollis dolor. Praesent et diam eget libero egestas mattis sit amet vitae augue. Nam tincidunt congue enim, ut porta lorem lacinia consectetur. Donec ut libero sed arcu vehicula ultricies a non tortor. Lorem ipsum dolor sit amet, consectetur adipiscing elit. Aenean ut gravida lorem. Ut turpis felis, pulvinar a semper sed, adipiscing id dolor. Pellentesque auctor nisi id magna consequat sagittis. Curabitur dapibus enim sit amet elit pharetra tincidunt feugiat nisl imperdiet. Ut convallis libero in urna ultrices accumsan. Donec sed odio eros. Donec viverra mi quis quam pulvinar at malesuada arcu rhoncus. Cum sociis natoque penatibus et magnis dis parturient montes, nascetur ridiculus mus. In rutrum accumsan ultricies. Mauris vitae nisi at sem facilisis semper ac in est."}}, {"model": "eusay.proposal", "pk": 16, "fields": {"proposer": "s1234702", "submissionDateTime": "2014-04-05", "actionDescription": "Lorem ipsum dolor sit amet, consectetur adipiscing elit. Donec a diam lectus. Sed sit amet ipsum mauris. Maecenas congue ligula ac quam viverra nec consectetur ante hendrerit. Donec et mollis dolor. Praesent et diam eget libero egestas mattis sit amet vitae augue. Nam tincidunt congue enim, ut porta lorem lacinia consectetur. Donec ut libero sed arcu vehicula ultricies a non tortor. Lorem ipsum dolor sit amet, consectetur adipiscing elit. Aenean ut gravida lorem. Ut turpis felis, pulvinar a semper sed, adipiscing id dolor. Pellentesque auctor nisi id magna consequat sagittis. Curabitur dapibus enim sit amet elit pharetra tincidunt feugiat nisl imperdiet. Ut convallis libero in urna ultrices accumsan. Donec sed odio eros. Donec viverra mi quis quam pulvinar at malesuada arcu rhoncus. Cum sociis natoque penatibus et magnis dis parturient montes, nascetur ridiculus mus. In rutrum accumsan ultricies. Mauris vitae nisi at sem facilisis semper ac in est.", "backgroundDescription": "Lorem ipsum dolor sit amet, consectetur adipiscing elit. Donec a diam lectus. Sed sit amet ipsum mauris. Maecenas congue ligula ac quam viverra nec consectetur ante hendrerit. Donec et mollis dolor. Praesent et diam eget libero egestas mattis sit amet vitae augue. Nam tincidunt congue enim, ut porta lorem lacinia consectetur. Donec ut libero sed arcu vehicula ultricies a non tortor. Lorem ipsum dolor sit amet, consectetur adipiscing elit. Aenean ut gravida lorem. Ut turpis felis, pulvinar a semper sed, adipiscing id dolor. Pellentesque auctor nisi id magna consequat sagittis. Curabitur dapibus enim sit amet elit pharetra tincidunt feugiat nisl imperdiet. Ut convallis libero in urna ultrices accumsan. Donec sed odio eros. Donec viverra mi quis quam pulvinar at malesuada arcu rhoncus. Cum sociis natoque penatibus et magnis dis parturient montes, nascetur ridiculus mus. In rutrum accumsan ultricies. Mauris vitae nisi at sem facilisis semper ac in est.", "title": "Lorem ipsum", "beliefsDescription": "Lorem ipsum dolor sit amet, consectetur adipiscing elit. Donec a diam lectus. Sed sit amet ipsum mauris. Maecenas congue ligula ac quam viverra nec consectetur ante hendrerit. Donec et mollis dolor. Praesent et diam eget libero egestas mattis sit amet vitae augue. Nam tincidunt congue enim, ut porta lorem lacinia consectetur. Donec ut libero sed arcu vehicula ultricies a non tortor. Lorem ipsum dolor sit amet, consectetur adipiscing elit. Aenean ut gravida lorem. Ut turpis felis, pulvinar a semper sed, adipiscing id dolor. Pellentesque auctor nisi id magna consequat sagittis. Curabitur dapibus enim sit amet elit pharetra tincidunt feugiat nisl imperdiet. Ut convallis libero in urna ultrices accumsan. Donec sed odio eros. Donec viverra mi quis quam pulvinar at malesuada arcu rhoncus. Cum sociis natoque penatibus et magnis dis parturient montes, nascetur ridiculus mus. In rutrum accumsan ultricies. Mauris vitae nisi at sem facilisis semper ac in est."}}, {"model": "eusay.proposal", "pk": 17, "fields": {"proposer": "s1234702", "submissionDateTime": "2014-04-05", "actionDescription": "Lorem ipsum dolor sit amet, consectetur adipiscing elit. Donec a diam lectus. Sed sit amet ipsum mauris. Maecenas congue ligula ac quam viverra nec consectetur ante hendrerit. Donec et mollis dolor. Praesent et diam eget libero egestas mattis sit amet vitae augue. Nam tincidunt congue enim, ut porta lorem lacinia consectetur. Donec ut libero sed arcu vehicula ultricies a non tortor. Lorem ipsum dolor sit amet, consectetur adipiscing elit. Aenean ut gravida lorem. Ut turpis felis, pulvinar a semper sed, adipiscing id dolor. Pellentesque auctor nisi id magna consequat sagittis. Curabitur dapibus enim sit amet elit pharetra tincidunt feugiat nisl imperdiet. Ut convallis libero in urna ultrices accumsan. Donec sed odio eros. Donec viverra mi quis quam pulvinar at malesuada arcu rhoncus. Cum sociis natoque penatibus et magnis dis parturient montes, nascetur ridiculus mus. In rutrum accumsan ultricies. Mauris vitae nisi at sem facilisis semper ac in est.", "backgroundDescription": "Lorem ipsum dolor sit amet, consectetur adipiscing elit. Donec a diam lectus. Sed sit amet ipsum mauris. Maecenas congue ligula ac quam viverra nec consectetur ante hendrerit. Donec et mollis dolor. Praesent et diam eget libero egestas mattis sit amet vitae augue. Nam tincidunt congue enim, ut porta lorem lacinia consectetur. Donec ut libero sed arcu vehicula ultricies a non tortor. Lorem ipsum dolor sit amet, consectetur adipiscing elit. Aenean ut gravida lorem. Ut turpis felis, pulvinar a semper sed, adipiscing id dolor. Pellentesque auctor nisi id magna consequat sagittis. Curabitur dapibus enim sit amet elit pharetra tincidunt feugiat nisl imperdiet. Ut convallis libero in urna ultrices accumsan. Donec sed odio eros. Donec viverra mi quis quam pulvinar at malesuada arcu rhoncus. Cum sociis natoque penatibus et magnis dis parturient montes, nascetur ridiculus mus. In rutrum accumsan ultricies. Mauris vitae nisi at sem facilisis semper ac in est.", "title": "Pass me the vegetables, please", "beliefsDescription": "Lorem ipsum dolor sit amet, consectetur adipiscing elit. Donec a diam lectus. Sed sit amet ipsum mauris. Maecenas congue ligula ac quam viverra nec consectetur ante hendrerit. Donec et mollis dolor. Praesent et diam eget libero egestas mattis sit amet vitae augue. Nam tincidunt congue enim, ut porta lorem lacinia consectetur. Donec ut libero sed arcu vehicula ultricies a non tortor. Lorem ipsum dolor sit amet, consectetur adipiscing elit. Aenean ut gravida lorem. Ut turpis felis, pulvinar a semper sed, adipiscing id dolor. Pellentesque auctor nisi id magna consequat sagittis. Curabitur dapibus enim sit amet elit pharetra tincidunt feugiat nisl imperdiet. Ut convallis libero in urna ultrices accumsan. Donec sed odio eros. Donec viverra mi quis quam pulvinar at malesuada arcu rhoncus. Cum sociis natoque penatibus et magnis dis parturient montes, nascetur ridiculus mus. In rutrum accumsan ultricies. Mauris vitae nisi at sem facilisis semper ac in est."}}, {"model": "eusay.proposal", "pk": 18, "fields": {"proposer": "s1234702", "submissionDateTime": "2014-04-05", "actionDescription": "Lorem ipsum dolor sit amet, consectetur adipiscing elit. Donec a diam lectus. Sed sit amet ipsum mauris. Maecenas congue ligula ac quam viverra nec consectetur ante hendrerit. Donec et mollis dolor. Praesent et diam eget libero egestas mattis sit amet vitae augue. Nam tincidunt congue enim, ut porta lorem lacinia consectetur. Donec ut libero sed arcu vehicula ultricies a non tortor. Lorem ipsum dolor sit amet, consectetur adipiscing elit. Aenean ut gravida lorem. Ut turpis felis, pulvinar a semper sed, adipiscing id dolor. Pellentesque auctor nisi id magna consequat sagittis. Curabitur dapibus enim sit amet elit pharetra tincidunt feugiat nisl imperdiet. Ut convallis libero in urna ultrices accumsan. Donec sed odio eros. Donec viverra mi quis quam pulvinar at malesuada arcu rhoncus. Cum sociis natoque penatibus et magnis dis parturient montes, nascetur ridiculus mus. In rutrum accumsan ultricies. Mauris vitae nisi at sem facilisis semper ac in est.", "backgroundDescription": "Lorem ipsum dolor sit amet, consectetur adipiscing elit. Donec a diam lectus. Sed sit amet ipsum mauris. Maecenas congue ligula ac quam viverra nec consectetur ante hendrerit. Donec et mollis dolor. Praesent et diam eget libero egestas mattis sit amet vitae augue. Nam tincidunt congue enim, ut porta lorem lacinia consectetur. Donec ut libero sed arcu vehicula ultricies a non tortor. Lorem ipsum dolor sit amet, consectetur adipiscing elit. Aenean ut gravida lorem. Ut turpis felis, pulvinar a semper sed, adipiscing id dolor. Pellentesque auctor nisi id magna consequat sagittis. Curabitur dapibus enim sit amet elit pharetra tincidunt feugiat nisl imperdiet. Ut convallis libero in urna ultrices accumsan. Donec sed odio eros. Donec viverra mi quis quam pulvinar at malesuada arcu rhoncus. Cum sociis natoque penatibus et magnis dis parturient montes, nascetur ridiculus mus. In rutrum accumsan ultricies. Mauris vitae nisi at sem facilisis semper ac in est.", "title": "Tell all students that you love them", "beliefsDescription": "Lorem ipsum dolor sit amet, consectetur adipiscing elit. Donec a diam lectus. Sed sit amet ipsum mauris. Maecenas congue ligula ac quam viverra nec consectetur ante hendrerit. Donec et mollis dolor. Praesent et diam eget libero egestas mattis sit amet vitae augue. Nam tincidunt congue enim, ut porta lorem lacinia consectetur. Donec ut libero sed arcu vehicula ultricies a non tortor. Lorem ipsum dolor sit amet, consectetur adipiscing elit. Aenean ut gravida lorem. Ut turpis felis, pulvinar a semper sed, adipiscing id dolor. Pellentesque auctor nisi id magna consequat sagittis. Curabitur dapibus enim sit amet elit pharetra tincidunt feugiat nisl imperdiet. Ut convallis libero in urna ultrices accumsan. Donec sed odio eros. Donec viverra mi quis quam pulvinar at malesuada arcu rhoncus. Cum sociis natoque penatibus et magnis dis parturient montes, nascetur ridiculus mus. In rutrum accumsan ultricies. Mauris vitae nisi at sem facilisis semper ac in est."}}, {"model": "eusay.proposal", "pk": 19, "fields": {"proposer": "s1234702", "submissionDateTime": "2014-04-05", "actionDescription": "Lorem ipsum dolor sit amet, consectetur adipiscing elit. Donec a diam lectus. Sed sit amet ipsum mauris. Maecenas congue ligula ac quam viverra nec consectetur ante hendrerit. Donec et mollis dolor. Praesent et diam eget libero egestas mattis sit amet vitae augue. Nam tincidunt congue enim, ut porta lorem lacinia consectetur. Donec ut libero sed arcu vehicula ultricies a non tortor. Lorem ipsum dolor sit amet, consectetur adipiscing elit. Aenean ut gravida lorem. Ut turpis felis, pulvinar a semper sed, adipiscing id dolor. Pellentesque auctor nisi id magna consequat sagittis. Curabitur dapibus enim sit amet elit pharetra tincidunt feugiat nisl imperdiet. Ut convallis libero in urna ultrices accumsan. Donec sed odio eros. Donec viverra mi quis quam pulvinar at malesuada arcu rhoncus. Cum sociis natoque penatibus et magnis dis parturient montes, nascetur ridiculus mus. In rutrum accumsan ultricies. Mauris vitae nisi at sem facilisis semper ac in est.", "backgroundDescription": "Lorem ipsum dolor sit amet, consectetur adipiscing elit. Donec a diam lectus. Sed sit amet ipsum mauris. Maecenas congue ligula ac quam viverra nec consectetur ante hendrerit. Donec et mollis dolor. Praesent et diam eget libero egestas mattis sit amet vitae augue. Nam tincidunt congue enim, ut porta lorem lacinia consectetur. Donec ut libero sed arcu vehicula ultricies a non tortor. Lorem ipsum dolor sit amet, consectetur adipiscing elit. Aenean ut gravida lorem. Ut turpis felis, pulvinar a semper sed, adipiscing id dolor. Pellentesque auctor nisi id magna consequat sagittis. Curabitur dapibus enim sit amet elit pharetra tincidunt feugiat nisl imperdiet. Ut convallis libero in urna ultrices accumsan. Donec sed odio eros. Donec viverra mi quis quam pulvinar at malesuada arcu rhoncus. Cum sociis natoque penatibus et magnis dis parturient montes, nascetur ridiculus mus. In rutrum accumsan ultricies. Mauris vitae nisi at sem facilisis semper ac in est.", "title": "Give students a platform to submit proposals", "beliefsDescription": "Lorem ipsum dolor sit amet, consectetur adipiscing elit. Donec a diam lectus. Sed sit amet ipsum mauris. Maecenas congue ligula ac quam viverra nec consectetur ante hendrerit. Donec et mollis dolor. Praesent et diam eget libero egestas mattis sit amet vitae augue. Nam tincidunt congue enim, ut porta lorem lacinia consectetur. Donec ut libero sed arcu vehicula ultricies a non tortor. Lorem ipsum dolor sit amet, consectetur adipiscing elit. Aenean ut gravida lorem. Ut turpis felis, pulvinar a semper sed, adipiscing id dolor. Pellentesque auctor nisi id magna consequat sagittis. Curabitur dapibus enim sit amet elit pharetra tincidunt feugiat nisl imperdiet. Ut convallis libero in urna ultrices accumsan. Donec sed odio eros. Donec viverra mi quis quam pulvinar at malesuada arcu rhoncus. Cum sociis natoque penatibus et magnis dis parturient montes, nascetur ridiculus mus. In rutrum accumsan ultricies. Mauris vitae nisi at sem facilisis semper ac in est."}}, {"model": "eusay.proposal", "pk": 20, "fields": {"proposer": "s1234702", "submissionDateTime": "2014-04-05", "actionDescription": "Lorem ipsum dolor sit amet, consectetur adipiscing elit. Donec a diam lectus. Sed sit amet ipsum mauris. Maecenas congue ligula ac quam viverra nec consectetur ante hendrerit. Donec et mollis dolor. Praesent et diam eget libero egestas mattis sit amet vitae augue. Nam tincidunt congue enim, ut porta lorem lacinia consectetur. Donec ut libero sed arcu vehicula ultricies a non tortor. Lorem ipsum dolor sit amet, consectetur adipiscing elit. Aenean ut gravida lorem. Ut turpis felis, pulvinar a semper sed, adipiscing id dolor. Pellentesque auctor nisi id magna consequat sagittis. Curabitur dapibus enim sit amet elit pharetra tincidunt feugiat nisl imperdiet. Ut convallis libero in urna ultrices accumsan. Donec sed odio eros. Donec viverra mi quis quam pulvinar at malesuada arcu rhoncus. Cum sociis natoque penatibus et magnis dis parturient montes, nascetur ridiculus mus. In rutrum accumsan ultricies. Mauris vitae nisi at sem facilisis semper ac in est.", "backgroundDescription": "Lorem ipsum dolor sit amet, consectetur adipiscing elit. Donec a diam lectus. Sed sit amet ipsum mauris. Maecenas congue ligula ac quam viverra nec consectetur ante hendrerit. Donec et mollis dolor. Praesent et diam eget libero egestas mattis sit amet vitae augue. Nam tincidunt congue enim, ut porta lorem lacinia consectetur. Donec ut libero sed arcu vehicula ultricies a non tortor. Lorem ipsum dolor sit amet, consectetur adipiscing elit. Aenean ut gravida lorem. Ut turpis felis, pulvinar a semper sed, adipiscing id dolor. Pellentesque auctor nisi id magna consequat sagittis. Curabitur dapibus enim sit amet elit pharetra tincidunt feugiat nisl imperdiet. Ut convallis libero in urna ultrices accumsan. Donec sed odio eros. Donec viverra mi quis quam pulvinar at malesuada arcu rhoncus. Cum sociis natoque penatibus et magnis dis parturient montes, nascetur ridiculus mus. In rutrum accumsan ultricies. Mauris vitae nisi at sem facilisis semper ac in est.", "title": "Minifridges on every desk in the library", "beliefsDescription": "Lorem ipsum dolor sit amet, consectetur adipiscing elit. Donec a diam lectus. Sed sit amet ipsum mauris. Maecenas congue ligula ac quam viverra nec consectetur ante hendrerit. Donec et mollis dolor. Praesent et diam eget libero egestas mattis sit amet vitae augue. Nam tincidunt congue enim, ut porta lorem lacinia consectetur. Donec ut libero sed arcu vehicula ultricies a non tortor. Lorem ipsum dolor sit amet, consectetur adipiscing elit. Aenean ut gravida lorem. Ut turpis felis, pulvinar a semper sed, adipiscing id dolor. Pellentesque auctor nisi id magna consequat sagittis. Curabitur dapibus enim sit amet elit pharetra tincidunt feugiat nisl imperdiet. Ut convallis libero in urna ultrices accumsan. Donec sed odio eros. Donec viverra mi quis quam pulvinar at malesuada arcu rhoncus. Cum sociis natoque penatibus et magnis dis parturient montes, nascetur ridiculus mus. In rutrum accumsan ultricies. Mauris vitae nisi at sem facilisis semper ac in est."}}, {"model": "eusay.proposal", "pk": 21, "fields": {"proposer": "s1234702", "submissionDateTime": "2014-04-05", "actionDescription": "Lorem ipsum dolor sit amet, consectetur adipiscing elit. Donec a diam lectus. Sed sit amet ipsum mauris. Maecenas congue ligula ac quam viverra nec consectetur ante hendrerit. Donec et mollis dolor. Praesent et diam eget libero egestas mattis sit amet vitae augue. Nam tincidunt congue enim, ut porta lorem lacinia consectetur. Donec ut libero sed arcu vehicula ultricies a non tortor. Lorem ipsum dolor sit amet, consectetur adipiscing elit. Aenean ut gravida lorem. Ut turpis felis, pulvinar a semper sed, adipiscing id dolor. Pellentesque auctor nisi id magna consequat sagittis. Curabitur dapibus enim sit amet elit pharetra tincidunt feugiat nisl imperdiet. Ut convallis libero in urna ultrices accumsan. Donec sed odio eros. Donec viverra mi quis quam pulvinar at malesuada arcu rhoncus. Cum sociis natoque penatibus et magnis dis parturient montes, nascetur ridiculus mus. In rutrum accumsan ultricies. Mauris vitae nisi at sem facilisis semper ac in est.", "backgroundDescription": "Lorem ipsum dolor sit amet, consectetur adipiscing elit. Donec a diam lectus. Sed sit amet ipsum mauris. Maecenas congue ligula ac quam viverra nec consectetur ante hendrerit. Donec et mollis dolor. Praesent et diam eget libero egestas mattis sit amet vitae augue. Nam tincidunt congue enim, ut porta lorem lacinia consectetur. Donec ut libero sed arcu vehicula ultricies a non tortor. Lorem ipsum dolor sit amet, consectetur adipiscing elit. Aenean ut gravida lorem. Ut turpis felis, pulvinar a semper sed, adipiscing id dolor. Pellentesque auctor nisi id magna consequat sagittis. Curabitur dapibus enim sit amet elit pharetra tincidunt feugiat nisl imperdiet. Ut convallis libero in urna ultrices accumsan. Donec sed odio eros. Donec viverra mi quis quam pulvinar at malesuada arcu rhoncus. Cum sociis natoque penatibus et magnis dis parturient montes, nascetur ridiculus mus. In rutrum accumsan ultricies. Mauris vitae nisi at sem facilisis semper ac in est.", "title": "Use the university's cashless catering in EUSA outlets", "beliefsDescription": "Lorem ipsum dolor sit amet, consectetur adipiscing elit. Donec a diam lectus. Sed sit amet ipsum mauris. Maecenas congue ligula ac quam viverra nec consectetur ante hendrerit. Donec et mollis dolor. Praesent et diam eget libero egestas mattis sit amet vitae augue. Nam tincidunt congue enim, ut porta lorem lacinia consectetur. Donec ut libero sed arcu vehicula ultricies a non tortor. Lorem ipsum dolor sit amet, consectetur adipiscing elit. Aenean ut gravida lorem. Ut turpis felis, pulvinar a semper sed, adipiscing id dolor. Pellentesque auctor nisi id magna consequat sagittis. Curabitur dapibus enim sit amet elit pharetra tincidunt feugiat nisl imperdiet. Ut convallis libero in urna ultrices accumsan. Donec sed odio eros. Donec viverra mi quis quam pulvinar at malesuada arcu rhoncus. Cum sociis natoque penatibus et magnis dis parturient montes, nascetur ridiculus mus. In rutrum accumsan ultricies. Mauris vitae nisi at sem facilisis semper ac in est."}}, {"model": "eusay.proposalvote", "pk": 1, "fields": {"proposal": 1}}, {"model": "eusay.proposalvote", "pk": 2, "fields": {"proposal": 1}}, {"model": "eusay.proposalvote", "pk": 3, "fields": {"proposal": 1}}, {"model": "eusay.proposalvote", "pk": 4, "fields": {"proposal": 1}}, {"model": "eusay.proposalvote", "pk": 5, "fields": {"proposal": 1}}, {"model": "eusay.proposalvote", "pk": 6, "fields": {"proposal": 1}}, {"model": "eusay.proposalvote", "pk": 7, "fields": {"proposal": 1}}, {"model": "eusay.proposalvote", "pk": 8, "fields": {"proposal": 2}}, {"model": "eusay.proposalvote", "pk": 9, "fields": {"proposal": 2}}, {"model": "eusay.proposalvote", "pk": 10, "fields": {"proposal": 2}}, {"model": "eusay.proposalvote", "pk": 11, "fields": {"proposal": 2}}, {"model": "eusay.proposalvote", "pk": 12, "fields": {"proposal": 3}}, {"model": "eusay.proposalvote", "pk": 13, "fields": {"proposal": 3}}, {"model": "eusay.proposalvote", "pk": 14, "fields": {"proposal": 3}}, {"model": "eusay.proposalvote", "pk": 15, "fields": {"proposal": 3}}, {"model": "eusay.proposalvote", "pk": 16, "fields": {"proposal": 3}}, {"model": "eusay.proposalvote", "pk": 17, "fields": {"proposal": 1}}, {"model": "eusay.proposalvote", "pk": 18, "fields": {"proposal": 2}}, {"model": "eusay.proposalvote", "pk": 19, "fields": {"proposal": 1}}, {"model": "eusay.proposalvote", "pk": 20, "fields": {"proposal": 2}}, {"model": "eusay.proposalvote", "pk": 26, "fields": {"proposal": 1}}, {"model": "eusay.proposalvote", "pk": 27, "fields": {"proposal": 1}}, {"model": "eusay.proposalvote", "pk": 31, "fields": {"proposal": 2}}, {"model": "eusay.proposalvote", "pk": 32, "fields": {"proposal": 4}}, {"model": "eusay.proposalvote", "pk": 33, "fields": {"proposal": 4}}, {"model": "eusay.proposalvote", "pk": 35, "fields": {"proposal": 1}}, {"model": "eusay.proposalvote", "pk": 37, "fields": {"proposal": 1}}, {"model": "eusay.proposalvote", "pk": 38, "fields": {"proposal": 2}}, {"model": "eusay.proposalvote", "pk": 39, "fields": {"proposal": 3}}, {"model": "eusay.proposalvote", "pk": 42, "fields": {"proposal": 1}}, {"model": "eusay.proposalvote", "pk": 43, "fields": {"proposal": 1}}, {"model": "eusay.proposalvote", "pk": 44, "fields": {"proposal": 2}}, {"model": "eusay.proposalvote", "pk": 45, "fields": {"proposal": 3}}, {"model": "eusay.proposalvote", "pk": 46, "fields": {"proposal": 4}}, {"model": "eusay.proposalvote", "pk": 47, "fields": {"proposal": 1}}, {"model": "eusay.proposalvote", "pk": 48, "fields": {"proposal": 1}}, {"model": "eusay.proposalvote", "pk": 50, "fields": {"proposal": 2}}, {"model": "eusay.proposalvote", "pk": 51, "fields": {"proposal": 3}}, {"model": "eusay.proposalvote", "pk": 53, "fields": {"proposal": 4}}, {"model": "eusay.proposalvote", "pk": 60, "fields": {"proposal": 1}}, {"model": "eusay.proposalvote", "pk": 61, "fields": {"proposal": 1}}, {"model": "eusay.proposalvote", "pk": 62, "fields": {"proposal": 2}}, {"model": "eusay.proposalvote", "pk": 63, "fields": {"proposal": 2}}, {"model": "eusay.proposalvote", "pk": 64, "fields": {"proposal": 4}}, {"model": "eusay.proposalvote", "pk": 65, "fields": {"proposal": 1}}, {"model": "eusay.proposalvote", "pk": 66, "fields": {"proposal": 6}}, {"model": "eusay.proposalvote", "pk": 67, "fields": {"proposal": 6}}, {"model": "eusay.proposalvote", "pk": 72, "fields": {"proposal": 4}}, {"model": "eusay.proposalvote", "pk": 74, "fields": {"proposal": 7}}, {"model": "eusay.proposalvote", "pk": 78, "fields": {"proposal": 4}}, {"model": "eusay.proposalvote", "pk": 81, "fields": {"proposal": 6}}, {"model": "eusay.proposalvote", "pk": 82, "fields": {"proposal": 2}}, {"model": "eusay.proposalvote", "pk": 83, "fields": {"proposal": 3}}, {"model": "eusay.proposalvote", "pk": 86, "fields": {"proposal": 3}}, {"model": "eusay.proposalvote", "pk": 88, "fields": {"proposal": 6}}, {"model": "eusay.proposalvote", "pk": 89, "fields": {"proposal": 3}}, {"model": "eusay.proposalvote", "pk": 90, "fields": {"proposal": 6}}, {"model": "eusay.proposalvote", "pk": 91, "fields": {"proposal": 7}}, {"model": "eusay.proposalvote", "pk": 92, "fields": {"proposal": 7}}, {"model": "eusay.proposalvote", "pk": 93, "fields": {"proposal": 7}}, {"model": "eusay.proposalvote", "pk": 94, "fields": {"proposal": 7}}, {"model": "eusay.proposalvote", "pk": 95, "fields": {"proposal": 7}}, {"model": "eusay.proposalvote", "pk": 96, "fields": {"proposal": 7}}, {"model": "eusay.proposalvote", "pk": 97, "fields": {"proposal": 3}}, {"model": "eusay.proposalvote", "pk": 98, "fields": {"proposal": 3}}, {"model": "eusay.proposalvote", "pk": 99, "fields": {"proposal": 2}}, {"model": "eusay.proposalvote", "pk": 100, "fields": {"proposal": 4}}, {"model": "eusay.proposalvote", "pk": 102, "fields": {"proposal": 1}}, {"model": "eusay.proposalvote", "pk": 103, "fields": {"proposal": 6}}, {"model": "eusay.proposalvote", "pk": 105, "fields": {"proposal": 3}}, {"model": "eusay.proposalvote", "pk": 107, "fields": {"proposal": 6}}, {"model": "eusay.proposalvote", "pk": 108, "fields": {"proposal": 2}}, {"model": "eusay.proposalvote", "pk": 109, "fields": {"proposal": 4}}, {"model": "eusay.proposalvote", "pk": 110, "fields": {"proposal": 3}}, {"model": "eusay.proposalvote", "pk": 111, "fields": {"proposal": 1}}, {"model": "eusay.proposalvote", "pk": 112, "fields": {"proposal": 1}}, {"model": "eusay.proposalvote", "pk": 113, "fields": {"proposal": 1}}, {"model": "eusay.proposalvote", "pk": 117, "fields": {"proposal": 3}}, {"model": "eusay.proposalvote", "pk": 118, "fields": {"proposal": 8}}, {"model": "eusay.proposalvote", "pk": 119, "fields": {"proposal": 1}}, {"model": "eusay.proposalvote", "pk": 120, "fields": {"proposal": 2}}, {"model": "eusay.proposalvote", "pk": 121, "fields": {"proposal": 4}}, {"model": "eusay.proposalvote", "pk": 122, "fields": {"proposal": 8}}, {"model": "eusay.proposalvote", "pk": 123, "fields": {"proposal": 7}}, {"model": "eusay.proposalvote", "pk": 124, "fields": {"proposal": 9}}, {"model": "eusay.proposalvote", "pk": 125, "fields": {"proposal": 10}}, {"model": "eusay.proposalvote", "pk": 126, "fields": {"proposal": 12}}, {"model": "eusay.proposalvote", "pk": 127, "fields": {"proposal": 13}}, {"model": "eusay.proposalvote", "pk": 128, "fields": {"proposal": 14}}, {"model": "eusay.proposalvote", "pk": 129, "fields": {"proposal": 15}}, {"model": "eusay.proposalvote", "pk": 130, "fields": {"proposal": 16}}, {"model": "eusay.proposalvote", "pk": 131, "fields": {"proposal": 18}}, {"model": "eusay.proposalvote", "pk": 132, "fields": {"proposal": 19}}, {"model": "eusay.proposalvote", "pk": 133, "fields": {"proposal": 17}}, {"model": "eusay.proposalvote", "pk": 134, "fields": {"proposal": 20}}, {"model": "eusay.proposalvote", "pk": 135, "fields": {"proposal": 8}}, {"model": "eusay.proposalvote", "pk": 136, "fields": {"proposal": 21}}, {"model": "eusay.proposalvote", "pk": 137, "fields": {"proposal": 7}}, {"model": "eusay.proposalvote", "pk": 138, "fields": {"proposal": 12}}, {"model": "eusay.proposalvote", "pk": 139, "fields": {"proposal": 15}}, {"model": "eusay.proposalvote", "pk": 140, "fields": {"proposal": 18}}, {"model": "eusay.proposalvote", "pk": 141, "fields": {"proposal": 20}}, {"model": "eusay.proposalvote", "pk": 142, "fields": {"proposal": 11}}, {"model": "eusay.proposalvote", "pk": 143, "fields": {"proposal": 9}}, {"model": "eusay.proposalvote", "pk": 144, "fields": {"proposal": 10}}, {"model": "eusay.proposalvote", "pk": 145, "fields": {"proposal": 13}}, {"model": "eusay.proposalvote", "pk": 146, "fields": {"proposal": 14}}, {"model": "eusay.proposalvote", "pk": 147, "fields": {"proposal": 16}}, {"model": "eusay.proposalvote", "pk": 148, "fields": {"proposal": 19}}, {"model": "eusay.proposalvote", "pk": 149, "fields": {"proposal": 4}}, {"model": "eusay.proposalvote", "pk": 150, "fields": {"proposal": 21}}, {"model": "eusay.proposalvote", "pk": 151, "fields": {"proposal": 17}}, {"model": "eusay.proposalvote", "pk": 152, "fields": {"proposal": 1}}, {"model": "eusay.proposalvote", "pk": 153, "fields": {"proposal": 3}}, {"model": "eusay.proposalvote", "pk": 154, "fields": {"proposal": 6}}, {"model": "eusay.proposalvote", "pk": 155, "fields": {"proposal": 8}}, {"model": "eusay.proposalvote", "pk": 156, "fields": {"proposal": 14}}, {"model": "eusay.proposalvote", "pk": 157, "fields": {"proposal": 19}}, {"model": "eusay.proposalvote", "pk": 158, "fields": {"proposal": 10}}, {"model": "eusay.proposalvote", "pk": 159, "fields": {"proposal": 13}}, {"model": "eusay.proposalvote", "pk": 160, "fields": {"proposal": 4}}, {"model": "eusay.proposalvote", "pk": 161, "fields": {"proposal": 21}}, {"model": "eusay.proposalvote", "pk": 162, "fields": {"proposal": 17}}, {"model": "eusay.proposalvote", "pk": 163, "fields": {"proposal": 20}}, {"model": "eusay.proposalvote", "pk": 164, "fields": {"proposal": 16}}, {"model": "eusay.proposalvote", "pk": 165, "fields": {"proposal": 15}}, {"model": "eusay.proposalvote", "pk": 167, "fields": {"proposal": 11}}, {"model": "eusay.proposalvote", "pk": 168, "fields": {"proposal": 9}}, {"model": "eusay.proposalvote", "pk": 169, "fields": {"proposal": 18}}, {"model": "eusay.proposalvote", "pk": 170, "fields": {"proposal": 12}}, {"model": "eusay.proposalvote", "pk": 171, "fields": {"proposal": 7}}, {"model": "eusay.proposalvote", "pk": 172, "fields": {"proposal": 3}}, {"model": "eusay.proposalvote", "pk": 173, "fields": {"proposal": 8}}, {"model": "eusay.proposalvote", "pk": 174, "fields": {"proposal": 13}}, {"model": "eusay.proposalvote", "pk": 175, "fields": {"proposal": 14}}, {"model": "eusay.proposalvote", "pk": 176, "fields": {"proposal": 15}}, {"model": "eusay.proposalvote", "pk": 177, "fields": {"proposal": 20}}, {"model": "eusay.proposalvote", "pk": 178, "fields": {"proposal": 21}}, {"model": "eusay.proposalvote", "pk": 179, "fields": {"proposal": 9}}, {"model": "eusay.proposalvote", "pk": 180, "fields": {"proposal": 10}}, {"model": "eusay.proposalvote", "pk": 181, "fields": {"proposal": 4}}, {"model": "eusay.proposalvote", "pk": 182, "fields": {"proposal": 17}}, {"model": "eusay.proposalvote", "pk": 183, "fields": {"proposal": 18}}, {"model": "eusay.proposalvote", "pk": 184, "fields": {"proposal": 12}}, {"model": "eusay.proposalvote", "pk": 185, "fields": {"proposal": 7}}, {"model": "eusay.proposalvote", "pk": 186, "fields": {"proposal": 11}}, {"model": "eusay.commentvote", "pk": 23, "fields": {"comment": 2}}, {"model": "eusay.commentvote", "pk": 24, "fields": {"comment": 2}}, {"model": "eusay.commentvote", "pk": 25, "fields": {"comment": 9}}, {"model": "eusay.commentvote", "pk": 29, "fields": {"comment": 1}}, {"model": "eusay.commentvote", "pk": 30, "fields": {"comment": 3}}, {"model": "eusay.commentvote", "pk": 34, "fields": {"comment": 1}}, {"model": "eusay.commentvote", "pk": 55, "fields": {"comment": 8}}, {"model": "eusay.commentvote", "pk": 57, "fields": {"comment": 7}}, {"model": "eusay.commentvote", "pk": 68, "fields": {"comment": 12}}, {"model": "eusay.commentvote", "pk": 69, "fields": {"comment": 6}}, {"model": "eusay.commentvote", "pk": 70, "fields": {"comment": 13}}, {"model": "eusay.commentvote", "pk": 73, "fields": {"comment": 8}}, {"model": "eusay.commentvote", "pk": 76, "fields": {"comment": 14}}, {"model": "eusay.commentvote", "pk": 77, "fields": {"comment": 3}}, {"model": "eusay.commentvote", "pk": 80, "fields": {"comment": 12}}, {"model": "eusay.commentvote", "pk": 84, "fields": {"comment": 8}}, {"model": "eusay.commentvote", "pk": 85, "fields": {"comment": 7}}, {"model": "eusay.commentvote", "pk": 87, "fields": {"comment": 16}}, {"model": "eusay.commentvote", "pk": 115, "fields": {"comment": 1}}, {"model": "eusay.commentvote", "pk": 116, "fields": {"comment": 3}}, {"model": "eusay.user", "pk": "s1234567", "fields": {"candidateStatus": "", "name": "John", "signUpDate": "2014-02-21"}}, {"model": "eusay.user", "pk": "s1234568", "fields": {"candidateStatus": "None", "name": "Shelba", "signUpDate": "2014-02-21"}}, {"model": "eusay.user", "pk": "s1234569", "fields": {"candidateStatus": "None", "name": "Juana", "signUpDate": "2014-02-21"}}, {"model": "eusay.user", "pk": "s1234570", "fields": {"candidateStatus": "None", "name": "Vonda", "signUpDate": "2014-02-21"}}, {"model": "eusay.user", "pk": "s1234571", "fields": {"candidateStatus": "None", "name": "Vonda", "signUpDate": "2014-02-21"}}, {"model": "eusay.user", "pk": "s1234572", "fields": {"candidateStatus": "None", "name": "Rosemary", "signUpDate": "2014-02-21"}}, {"model": "eusay.user", "pk": "s1234573", "fields": {"candidateStatus": "None", "name": "Cherise", "signUpDate": "2014-02-21"}}, {"model": "eusay.user", "pk": "s1234574", "fields": {"candidateStatus": "None", "name": "Wilburn", "signUpDate": "2014-02-21"}}, {"model": "eusay.user", "pk": "s1234575", "fields": {"candidateStatus": "None", "name": "Shelba", "signUpDate": "2014-02-21"}}, {"model": "eusay.user", "pk": "s1234576", "fields": {"candidateStatus": "None", "name": "Yevette", "signUpDate": "2014-02-21"}}, {"model": "eusay.user", "pk": "s1234577", "fields": {"candidateStatus": "None", "name": "Chas", "signUpDate": "2014-02-21"}}, {"model": "eusay.user", "pk": "s1234578", "fields": {"candidateStatus": "None", "name": "Sheron", "signUpDate": "2014-02-21"}}, {"model": "eusay.user", "pk": "s1234579", "fields": {"candidateStatus": "None", "name": "Juliet", "signUpDate": "2014-02-21"}}, {"model": "eusay.user", "pk": "s1234580", "fields": {"candidateStatus": "None", "name": "Carson", "signUpDate": "2014-02-21"}}, {"model": "eusay.user", "pk": "s1234581", "fields": {"candidateStatus": "None", "name": "Yuonne", "signUpDate": "2014-02-21"}}, {"model": "eusay.user", "pk": "s1234582", "fields": {"candidateStatus": "None", "name": "Kristi", "signUpDate": "2014-02-21"}}, {"model": "eusay.user", "pk": "s1234583", "fields": {"candidateStatus": "None", "name": "Lorena", "signUpDate": "2014-02-21"}}, {"model": "eusay.user", "pk": "s1234584", "fields": {"candidateStatus": "None", "name": "Jacqui", "signUpDate": "2014-02-21"}}, {"model": "eusay.user", "pk": "s1234585", "fields": {"candidateStatus": "None", "name": "Elmer", "signUpDate": "2014-02-21"}}, {"model": "eusay.user", "pk": "s1234586", "fields": {"candidateStatus": "None", "name": "Wendell", "signUpDate": "2014-02-21"}}, {"model": "eusay.user", "pk": "s1234587", "fields": {"candidateStatus": "None", "name": "Isaac", "signUpDate": "2014-02-21"}}, {"model": "eusay.user", "pk": "s1234588", "fields": {"candidateStatus": "None", "name": "Kamala", "signUpDate": "2014-02-21"}}, {"model": "eusay.user", "pk": "s1234589", "fields": {"candidateStatus": "None", "name": "Tuan", "signUpDate": "2014-02-21"}}, {"model": "eusay.user", "pk": "s1234590", "fields": {"candidateStatus": "None", "name": "Christoper", "signUpDate": "2014-02-21"}}, {"model": "eusay.user", "pk": "s1234591", "fields": {"candidateStatus": "None", "name": "Tuan", "signUpDate": "2014-02-21"}}, {"model": "eusay.user", "pk": "s1234592", "fields": {"candidateStatus": "None", "name": "Sheron", "signUpDate": "2014-02-21"}}, {"model": "eusay.user", "pk": "s1234593", "fields": {"candidateStatus": "None", "name": "Kaley", "signUpDate": "2014-02-21"}}, {"model": "eusay.user", "pk": "s1234594", "fields": {"candidateStatus": "None", "name": "Juana", "signUpDate": "2014-02-21"}}, {"model": "eusay.user", "pk": "s1234595", "fields": {"candidateStatus": "None", "name": "Sheron", "signUpDate": "2014-02-21"}}, {"model": "eusay.user", "pk": "s1234596", "fields": {"candidateStatus": "None", "name": "Yevette", "signUpDate": "2014-02-21"}}, {"model": "eusay.user", "pk": "s1234597", "fields": {"candidateStatus": "None", "name": "Adriene", "signUpDate": "2014-02-21"}}, {"model": "eusay.user", "pk": "s1234598", "fields": {"candidateStatus": "None", "name": "Wendell", "signUpDate": "2014-02-21"}}, {"model": "eusay.user", "pk": "s1234599", "fields": {"candidateStatus": "None", "name": "Wendell", "signUpDate": "2014-02-21"}}, {"model": "eusay.user", "pk": "s1234600", "fields": {"candidateStatus": "None", "name": "Sheron", "signUpDate": "2014-02-21"}}, {"model": "eusay.user", "pk": "s1234601", "fields": {"candidateStatus": "None", "name": "Denyse", "signUpDate": "2014-02-21"}}, {"model": "eusay.user", "pk": "s1234602", "fields": {"candidateStatus": "None", "name": "Jacqui", "signUpDate": "2014-02-21"}}, {"model": "eusay.user", "pk": "s1234603", "fields": {"candidateStatus": "None", "name": "Dania", "signUpDate": "2014-02-21"}}, {"model": "eusay.user", "pk": "s1234604", "fields": {"candidateStatus": "None", "name": "Cherise", "signUpDate": "2014-02-21"}}, {"model": "eusay.user", "pk": "s1234605", "fields": {"candidateStatus": "None", "name": "Thad", "signUpDate": "2014-02-21"}}, {"model": "eusay.user", "pk": "s1234606", "fields": {"candidateStatus": "None", "name": "Kristi", "signUpDate": "2014-02-21"}}, {"model": "eusay.user", "pk": "s1234607", "fields": {"candidateStatus": "None", "name": "Tobias", "signUpDate": "2014-02-22"}}, {"model": "eusay.user", "pk": "s1234608", "fields": {"candidateStatus": "None", "name": "Juliet", "signUpDate": "2014-02-22"}}, {"model": "eusay.user", "pk": "s1234609", "fields": {"candidateStatus": "None", "name": "Wendell", "signUpDate": "2014-02-22"}}, {"model": "eusay.user", "pk": "s1234610", "fields": {"candidateStatus": "None", "name": "Kamala", "signUpDate": "2014-02-22"}}, {"model": "eusay.user", "pk": "s1234611", "fields": {"candidateStatus": "None", "name": "Wendell", "signUpDate": "2014-02-22"}}, {"model": "eusay.user", "pk": "s1234612", "fields": {"candidateStatus": "None", "name": "Georgette", "signUpDate": "2014-02-22"}}, {"model": "eusay.user", "pk": "s1234613", "fields": {"candidateStatus": "None", "name": "Juana", "signUpDate": "2014-02-22"}}, {"model": "eusay.user", "pk": "s1234614", "fields": {"candidateStatus": "None", "name": "Chas", "signUpDate": "2014-02-22"}}, {"model": "eusay.user", "pk": "s1234615", "fields": {"candidateStatus": "None", "name": "Elmer", "signUpDate": "2014-02-22"}}, {"model": "eusay.user", "pk": "s1234616", "fields": {"candidateStatus": "None", "name": "Cherise", "signUpDate": "2014-02-22"}}, {"model": "eusay.user", "pk": "s1234617", "fields": {"candidateStatus": "None", "name": "Alison", "signUpDate": "2014-02-22"}}, {"model": "eusay.user", "pk": "s1234618", "fields": {"candidateStatus": "None", "name": "Tobias", "signUpDate": "2014-02-22"}}, {"model": "eusay.user", "pk": "s1234619", "fields": {"candidateStatus": "None", "name": "Dania", "signUpDate": "2014-02-22"}}, {"model": "eusay.user", "pk": "s1234620", "fields": {"candidateStatus": "None", "name": "Bo", "signUpDate": "2014-02-22"}}, {"model": "eusay.user", "pk": "s1234621", "fields": {"candidateStatus": "None", "name": "Shanon", "signUpDate": "2014-02-22"}}, {"model": "eusay.user", "pk": "s1234622", "fields": {"candidateStatus": "None", "name": "Rubie", "signUpDate": "2014-02-22"}}, {"model": "eusay.user", "pk": "s1234623", "fields": {"candidateStatus": "None", "name": "Carson", "signUpDate": "2014-02-22"}}, {"model": "eusay.user", "pk": "s1234624", "fields": {"candidateStatus": "None", "name": "Jacqui", "signUpDate": "2014-02-22"}}, {"model": "eusay.user", "pk": "s1234625", "fields": {"candidateStatus": "None", "name": "Vonda", "signUpDate": "2014-02-22"}}, {"model": "eusay.user", "pk": "s1234626", "fields": {"candidateStatus": "None", "name": "Michelina", "signUpDate": "2014-02-22"}}, {"model": "eusay.user", "pk": "s1234627", "fields": {"candidateStatus": "None", "name": "Brooke", "signUpDate": "2014-02-22"}}, {"model": "eusay.user", "pk": "s1234628", "fields": {"candidateStatus": "None", "name": "Yuonne", "signUpDate": "2014-02-22"}}, {"model": "eusay.user", "pk": "s1234629", "fields": {"candidateStatus": "None", "name": "Odell", "signUpDate": "2014-02-23"}}, {"model": "eusay.user", "pk": "s1234630", "fields": {"candidateStatus": "None", "name": "Raymonde", "signUpDate": "2014-02-23"}}, {"model": "eusay.user", "pk": "s1234631", "fields": {"candidateStatus": "None", "name": "Christoper", "signUpDate": "2014-02-23"}}, {"model": "eusay.user", "pk": "s1234632", "fields": {"candidateStatus": "None", "name": "Eden", "signUpDate": "2014-02-23"}}, {"model": "eusay.user", "pk": "s1234633", "fields": {"candidateStatus": "None", "name": "Adriene", "signUpDate": "2014-02-23"}}, {"model": "eusay.user", "pk": "s1234634", "fields": {"candidateStatus": "None", "name": "Kaley", "signUpDate": "2014-02-23"}}, {"model": "eusay.user", "pk": "s1234635", "fields": {"candidateStatus": "None", "name": "Tobias", "signUpDate": "2014-02-23"}}, {"model": "eusay.user", "pk": "s1234636", "fields": {"candidateStatus": "None", "name": "Christoper", "signUpDate": "2014-02-23"}}, {"model": "eusay.user", "pk": "s1234637", "fields": {"candidateStatus": "None", "name": "Sheron", "signUpDate": "2014-02-23"}}, {"model": "eusay.user", "pk": "s1234638", "fields": {"candidateStatus": "None", "name": "Odell", "signUpDate": "2014-02-23"}}, {"model": "eusay.user", "pk": "s1234639", "fields": {"candidateStatus": "None", "name": "Dania", "signUpDate": "2014-02-23"}}, {"model": "eusay.user", "pk": "s1234640", "fields": {"candidateStatus": "None", "name": "Asha", "signUpDate": "2014-02-23"}}, {"model": "eusay.user", "pk": "s1234641", "fields": {"candidateStatus": "None", "name": "Tuan", "signUpDate": "2014-02-23"}}, {"model": "eusay.user", "pk": "s1234642", "fields": {"candidateStatus": "None", "name": "Tonja", "signUpDate": "2014-02-23"}}, {"model": "eusay.user", "pk": "s1234643", "fields": {"candidateStatus": "None", "name": "Aline", "signUpDate": "2014-02-23"}}, {"model": "eusay.user", "pk": "s1234644", "fields": {"candidateStatus": "None", "name": "Elmer", "signUpDate": "2014-02-23"}}, {"model": "eusay.user", "pk": "s1234645", "fields": {"candidateStatus": "None", "name": "Salley", "signUpDate": "2014-02-24"}}, {"model": "eusay.user", "pk": "s1234646", "fields": {"candidateStatus": "None", "name": "Denyse", "signUpDate": "2014-02-24"}}, {"model": "eusay.user", "pk": "s1234647", "fields": {"candidateStatus": "None", "name": "Odell", "signUpDate": "2014-02-24"}}, {"model": "eusay.user", "pk": "s1234648", "fields": {"candidateStatus": "None", "name": "Frank", "signUpDate": "2014-02-24"}}, {"model": "eusay.user", "pk": "s1234649", "fields": {"candidateStatus": "None", "name": "Sheron", "signUpDate": "2014-02-24"}}, {"model": "eusay.user", "pk": "s1234650", "fields": {"candidateStatus": "None", "name": "Adriene", "signUpDate": "2014-02-24"}}, {"model": "eusay.user", "pk": "s1234651", "fields": {"candidateStatus": "None", "name": "Frank", "signUpDate": "2014-02-24"}}, {"model": "eusay.user", "pk": "s1234652", "fields": {"candidateStatus": "None", "name": "Dania", "signUpDate": "2014-02-24"}}, {"model": "eusay.user", "pk": "s1234653", "fields": {"candidateStatus": "None", "name": "Carli", "signUpDate": "2014-02-24"}}, {"model": "eusay.user", "pk": "s1234654", "fields": {"candidateStatus": "None", "name": "Michelina", "signUpDate": "2014-02-24"}}, {"model": "eusay.user", "pk": "s1234655", "fields": {"candidateStatus": "None", "name": "Asha", "signUpDate": "2014-02-24"}}, {"model": "eusay.user", "pk": "s1234656", "fields": {"candidateStatus": "None", "name": "Georgette", "signUpDate": "2014-02-24"}}, {"model": "eusay.user", "pk": "s1234657", "fields": {"candidateStatus": "None", "name": "Thad", "signUpDate": "2014-02-24"}}, {"model": "eusay.user", "pk": "s1234658", "fields": {"candidateStatus": "None", "name": "Raymonde", "signUpDate": "2014-02-24"}}, {"model": "eusay.user", "pk": "s1234659", "fields": {"candidateStatus": "None", "name": "Kaley", "signUpDate": "2014-02-24"}}, {"model": "eusay.user", "pk": "s1234660", "fields": {"candidateStatus": "None", "name": "Raymonde", "signUpDate": "2014-02-24"}}, {"model": "eusay.user", "pk": "s1234661", "fields": {"candidateStatus": "None", "name": "Wilburn", "signUpDate": "2014-02-24"}}, {"model": "eusay.user", "pk": "s1234662", "fields": {"candidateStatus": "None", "name": "Kaley", "signUpDate": "2014-02-24"}}, {"model": "eusay.user", "pk": "s1234663", "fields": {"candidateStatus": "None", "name": "Meta", "signUpDate": "2014-02-24"}}, {"model": "eusay.user", "pk": "s1234664", "fields": {"candidateStatus": "None", "name": "Taren", "signUpDate": "2014-02-24"}}, {"model": "eusay.user", "pk": "s1234665", "fields": {"candidateStatus": "None", "name": "Tashina", "signUpDate": "2014-02-24"}}, {"model": "eusay.user", "pk": "s1234666", "fields": {"candidateStatus": "None", "name": "Georgette", "signUpDate": "2014-02-24"}}, {"model": "eusay.user", "pk": "s1234667", "fields": {"candidateStatus": "None", "name": "Isaac", "signUpDate": "2014-02-24"}}, {"model": "eusay.user", "pk": "s1234668", "fields": {"candidateStatus": "None", "name": "Rosemary", "signUpDate": "2014-02-24"}}, {"model": "eusay.user", "pk": "s1234669", "fields": {"candidateStatus": "None", "name": "Thad", "signUpDate": "2014-02-24"}}, {"model": "eusay.user", "pk": "s1234670", "fields": {"candidateStatus": "None", "name": "Isaac", "signUpDate": "2014-02-24"}}, {"model": "eusay.user", "pk": "s1234671", "fields": {"candidateStatus": "None", "name": "Meta", "signUpDate": "2014-02-24"}}, {"model": "eusay.user", "pk": "s1234672", "fields": {"candidateStatus": "None", "name": "Meta", "signUpDate": "2014-02-24"}}, {"model": "eusay.user", "pk": "s1234673", "fields": {"candidateStatus": "None", "name": "Rosemary", "signUpDate": "2014-02-24"}}, {"model": "eusay.user", "pk": "s1234674", "fields": {"candidateStatus": "None", "name": "Christoper", "signUpDate": "2014-02-24"}}, {"model": "eusay.user", "pk": "s1234675", "fields": {"candidateStatus": "None", "name": "Alison", "signUpDate": "2014-02-24"}}, {"model": "eusay.user", "pk": "s1234676", "fields": {"candidateStatus": "None", "name": "Wilburn", "signUpDate": "2014-02-24"}}, {"model": "eusay.user", "pk": "s1234677", "fields": {"candidateStatus": "None", "name": "Katy", "signUpDate": "2014-02-24"}}, {"model": "eusay.user", "pk": "s1234678", "fields": {"candidateStatus": "None", "name": "Wendell", "signUpDate": "2014-02-24"}}, {"model": "eusay.user", "pk": "s1234679", "fields": {"candidateStatus": "None", "name": "Jacqui", "signUpDate": "2014-02-24"}}, {"model": "eusay.user", "pk": "s1234680", "fields": {"candidateStatus": "None", "name": "Asha", "signUpDate": "2014-02-24"}}, {"model": "eusay.user", "pk": "s1234681", "fields": {"candidateStatus": "None", "name": "Carli", "signUpDate": "2014-02-24"}}, {"model": "eusay.user", "pk": "s1234682", "fields": {"candidateStatus": "None", "name": "Kristi", "signUpDate": "2014-02-24"}}, {"model": "eusay.user", "pk": "s1234683", "fields": {"candidateStatus": "None", "name": "Lorena", "signUpDate": "2014-02-24"}}, {"model": "eusay.user", "pk": "s1234684", "fields": {"candidateStatus": "None", "name": "Jacqui", "signUpDate": "2014-02-24"}}, {"model": "eusay.user", "pk": "s1234685", "fields": {"candidateStatus": "None", "name": "Rubie", "signUpDate": "2014-02-25"}}, {"model": "eusay.user", "pk": "s1234686", "fields": {"candidateStatus": "None", "name": "Meta", "signUpDate": "2014-02-25"}}, {"model": "eusay.user", "pk": "s1234687", "fields": {"candidateStatus": "None", "name": "Taren", "signUpDate": "2014-02-26"}}, {"model": "eusay.user", "pk": "s1234688", "fields": {"candidateStatus": "None", "name": "Kaley", "signUpDate": "2014-02-26"}}, {"model": "eusay.user", "pk": "s1234689", "fields": {"candidateStatus": "None", "name": "Kristi", "signUpDate": "2014-02-26"}}, {"model": "eusay.user", "pk": "s1234690", "fields": {"candidateStatus": "None", "name": "Yevette", "signUpDate": "2014-02-27"}}, {"model": "eusay.user", "pk": "s1234691", "fields": {"candidateStatus": "None", "name": "Wilburn", "signUpDate": "2014-02-27"}}, {"model": "eusay.user", "pk": "s1234692", "fields": {"candidateStatus": "None", "name": "Shelba", "signUpDate": "2014-02-27"}}, {"model": "eusay.user", "pk": "s1234693", "fields": {"candidateStatus": "None", "name": "Wilburn", "signUpDate": "2014-02-27"}}, {"model": "eusay.user", "pk": "s1234694", "fields": {"candidateStatus": "None", "name": "Adriene", "signUpDate": "2014-02-27"}}, {"model": "eusay.user", "pk": "s1234695", "fields": {"candidateStatus": "None", "name": "Rosemary", "signUpDate": "2014-02-27"}}, {"model": "eusay.user", "pk": "s1234696", "fields": {"candidateStatus": "None", "name": "Cherise", "signUpDate": "2014-02-28"}}, {"model": "eusay.user", "pk": "s1234697", "fields": {"candidateStatus": "None", "name": "Kaley", "signUpDate": "2014-03-02"}}, {"model": "eusay.user", "pk": "s1234698", "fields": {"candidateStatus": "None", "name": "Yevette", "signUpDate": "2014-03-02"}}, {"model": "eusay.user", "pk": "s1234699", "fields": {"candidateStatus": "None", "name": "Meta", "signUpDate": "2014-03-02"}}, {"model": "eusay.user", "pk": "s1234700", "fields": {"candidateStatus": "None", "name": "Denyse", "signUpDate": "2014-03-02"}}, {"model": "eusay.user", "pk": "s1234701", "fields": {"candidateStatus": "None", "name": "Shelba", "signUpDate": "2014-03-02"}}, {"model": "eusay.user", "pk": "s1234702", "fields": {"candidateStatus": "None", "name": "Yevette", "signUpDate": "2014-04-05"}}, {"model": "eusay.user", "pk": "s1234703", "fields": {"candidateStatus": "None", "name": "Juliana", "signUpDate": "2014-04-05"}}, {"model": "eusay.user", "pk": "s1234704", "fields": {"candidateStatus": "None", "name": "Shelba", "signUpDate": "2014-04-05"}}, {"model": "eusay.user", "pk": "s1234705", "fields": {"candidateStatus": "None", "name": "Sheron", "signUpDate": "2014-04-05"}}, {"model": "eusay.user", "pk": "s1234706", "fields": {"candidateStatus": "None", "name": "Juana", "signUpDate": "2014-04-05"}}]