[{"fields": {"proposal": 1, "createdAt": "2014-02-21T13:35:23.491", "lastModified": "2014-02-21T13:35:23.491", "user": "s1234567", "text": "Scotland should be more #yolo!!!!"}, "model": "eusay.comment", "pk": 1}, {"fields": {"proposal": 1, "createdAt": "2014-02-21T13:35:45.407", "lastModified": "2014-02-21T13:35:45.407", "user": "s1234567", "text": "I hate tartan"}, "model": "eusay.comment", "pk": 2}, {"fields": {"proposal": 1, "createdAt": "2014-02-21T13:35:58.425", "lastModified": "2014-02-21T13:35:58.425", "user": "s1234567", "text": "John, get the heck outta here"}, "model": "eusay.comment", "pk": 3}, {"fields": {"proposal": 2, "createdAt": "2014-02-21T13:51:00.827", "lastModified": "2014-02-21T13:51:00.827", "user": "s1234580", "text": "I agree!!"}, "model": "eusay.comment", "pk": 4}, {"fields": {"proposal": 2, "createdAt": "2014-02-21T13:51:13.614", "lastModified": "2014-02-21T13:51:13.614", "user": "s1234581", "text": "This can only go badly"}, "model": "eusay.comment", "pk": 5}, {"fields": {"proposal": 2, "createdAt": "2014-02-21T13:51:37.021", "lastModified": "2014-02-21T13:51:37.021", "user": "s1234582", "text": "What about the people who don't like pizza?"}, "model": "eusay.comment", "pk": 6}, {"fields": {"proposal": 3, "createdAt": "2014-02-21T13:52:20.433", "lastModified": "2014-02-21T13:52:20.433", "user": "s1234586", "text": "I hate fossil fuels!!"}, "model": "eusay.comment", "pk": 7}, {"fields": {"proposal": 3, "createdAt": "2014-02-21T13:53:10.695", "lastModified": "2014-02-21T13:53:10.695", "user": "s1234587", "text": "I agree, but you didn't consider that fossil fuels mean cool stuff like monster trucks"}, "model": "eusay.comment", "pk": 8}, {"fields": {"proposal": 1, "createdAt": "2014-02-21T14:03:16.144", "lastModified": "2014-02-21T14:03:16.144", "user": "s1234572", "text": "So do I!"}, "model": "eusay.comment", "pk": 9}, {"fields": {"proposal": 3, "createdAt": "2014-02-22T00:17:29.600", "lastModified": "2014-02-22T00:17:29.600", "user": "s1234607", "text": "So do I Wendell. We should certainly divest!"}, "model": "eusay.comment", "pk": 10}, {"fields": {"proposal": 3, "createdAt": "2014-02-22T00:18:00.610", "lastModified": "2014-02-22T00:18:00.610", "user": "s1234607", "text": "An excellent point Isaac!"}, "model": "eusay.comment", "pk": 11}, {"fields": {"proposal": 6, "createdAt": "2014-02-22T18:43:48.543", "lastModified": "2014-02-22T18:43:48.543", "user": "s1234626", "text": "What about the Chancellor?"}, "model": "eusay.comment", "pk": 12}, {"fields": {"proposal": 2, "createdAt": "2014-02-22T18:44:48.964", "lastModified": "2014-02-22T18:44:48.964", "user": "s1234626", "text": "There are no such people"}, "model": "eusay.comment", "pk": 13}, {"fields": {"proposal": 3, "createdAt": "2014-02-23T16:47:20.416", "lastModified": "2014-02-23T16:47:20.416", "user": "s1234632", "text": "http://gofossilfree.org/"}, "model": "eusay.comment", "pk": 16}, {"fields": {"proposal": 1, "createdAt": "2014-02-23T17:47:20.416", "lastModified": "2014-02-23T16:47:20.416", "user": "s1234567", "text": "A reply!", "replyTo": 1}, "model": "eusay.comment", "pk": 17}, {"fields": {"createdAt": "2014-02-21T13:34:53.638", "isVoteUp": true, "user": "s1234567"}, "model": "eusay.vote", "pk": 1}, {"fields": {"createdAt": "2014-02-21T13:34:59.927", "isVoteUp": true, "user": "s1234574"}, "model": "eusay.vote", "pk": 2}, {"fields": {"createdAt": "2014-02-21T13:35:04.753", "isVoteUp": false, "user": "s1234575"}, "model": "eusay.vote", "pk": 3}, {"fields": {"createdAt": "2014-02-21T13:35:07.181", "isVoteUp": true, "user": "s1234576"}, "model": "eusay.vote", "pk": 4}, {"fields": {"createdAt": "2014-02-21T13:35:09.733", "isVoteUp": false, "user": "s1234577"}, "model": "eusay.vote", "pk": 5}, {"fields": {"createdAt": "2014-02-21T13:35:12.628", "isVoteUp": true, "user": "s1234578"}, "model": "eusay.vote", "pk": 6}, {"fields": {"createdAt": "2014-02-21T13:49:44.790", "isVoteUp": true, "user": "s1234580"}, "model": "eusay.vote", "pk": 7}, {"fields": {"createdAt": "2014-02-21T13:51:41.732", "isVoteUp": true, "user": "s1234582"}, "model": "eusay.vote", "pk": 8}, {"fields": {"createdAt": "2014-02-21T13:51:44.293", "isVoteUp": true, "user": "s1234583"}, "model": "eusay.vote", "pk": 9}, {"fields": {"createdAt": "2014-02-21T13:51:46.560", "isVoteUp": true, "user": "s1234584"}, "model": "eusay.vote", "pk": 10}, {"fields": {"createdAt": "2014-02-21T13:51:49.285", "isVoteUp": false, "user": "s1234585"}, "model": "eusay.vote", "pk": 11}, {"fields": {"createdAt": "2014-02-21T13:53:19.855", "isVoteUp": true, "user": "s1234587"}, "model": "eusay.vote", "pk": 12}, {"fields": {"createdAt": "2014-02-21T13:53:22.656", "isVoteUp": false, "user": "s1234588"}, "model": "eusay.vote", "pk": 13}, {"fields": {"createdAt": "2014-02-21T13:54:12.390", "isVoteUp": true, "user": "s1234589"}, "model": "eusay.vote", "pk": 14}, {"fields": {"createdAt": "2014-02-21T13:54:14.688", "isVoteUp": true, "user": "s1234590"}, "model": "eusay.vote", "pk": 15}, {"fields": {"createdAt": "2014-02-21T13:54:17.391", "isVoteUp": true, "user": "s1234591"}, "model": "eusay.vote", "pk": 16}, {"fields": {"createdAt": "2014-02-21T13:54:24.579", "isVoteUp": false, "user": "s1234592"}, "model": "eusay.vote", "pk": 17}, {"fields": {"createdAt": "2014-02-21T13:54:28.343", "isVoteUp": true, "user": "s1234593"}, "model": "eusay.vote", "pk": 18}, {"fields": {"createdAt": "2014-02-21T13:54:29.178", "isVoteUp": false, "user": "s1234593"}, "model": "eusay.vote", "pk": 19}, {"fields": {"createdAt": "2014-02-21T13:57:14.483", "isVoteUp": true, "user": "s1234595"}, "model": "eusay.vote", "pk": 20}, {"fields": {"createdAt": "2014-02-21T14:04:09.698", "isVoteUp": true, "user": "s1234572"}, "model": "eusay.vote", "pk": 23}, {"fields": {"createdAt": "2014-02-21T14:04:22.490", "isVoteUp": false, "user": "s1234597"}, "model": "eusay.vote", "pk": 24}, {"fields": {"createdAt": "2014-02-21T14:04:23.552", "isVoteUp": false, "user": "s1234597"}, "model": "eusay.vote", "pk": 25}, {"fields": {"createdAt": "2014-02-21T14:14:25.313", "isVoteUp": true, "user": "s1234596"}, "model": "eusay.vote", "pk": 26}, {"fields": {"createdAt": "2014-02-21T14:16:07.974", "isVoteUp": true, "user": "s1234599"}, "model": "eusay.vote", "pk": 27}, {"fields": {"createdAt": "2014-02-21T14:17:07.281", "isVoteUp": true, "user": "s1234599"}, "model": "eusay.vote", "pk": 29}, {"fields": {"createdAt": "2014-02-21T14:17:09.586", "isVoteUp": false, "user": "s1234599"}, "model": "eusay.vote", "pk": 30}, {"fields": {"createdAt": "2014-02-21T14:18:45.951", "isVoteUp": false, "user": "s1234599"}, "model": "eusay.vote", "pk": 31}, {"fields": {"createdAt": "2014-02-21T14:28:03.530", "isVoteUp": true, "user": "s1234600"}, "model": "eusay.vote", "pk": 32}, {"fields": {"createdAt": "2014-02-21T14:28:06.328", "isVoteUp": false, "user": "s1234601"}, "model": "eusay.vote", "pk": 33}, {"fields": {"createdAt": "2014-02-21T14:38:37.093", "isVoteUp": true, "user": "s1234602"}, "model": "eusay.vote", "pk": 34}, {"fields": {"createdAt": "2014-02-21T14:38:43.317", "isVoteUp": false, "user": "s1234602"}, "model": "eusay.vote", "pk": 35}, {"fields": {"createdAt": "2014-02-21T14:39:45.459", "isVoteUp": true, "user": "s1234602"}, "model": "eusay.vote", "pk": 36}, {"fields": {"createdAt": "2014-02-21T19:35:57.892", "isVoteUp": true, "user": "s1234603"}, "model": "eusay.vote", "pk": 37}, {"fields": {"createdAt": "2014-02-21T19:35:58.924", "isVoteUp": true, "user": "s1234603"}, "model": "eusay.vote", "pk": 38}, {"fields": {"createdAt": "2014-02-21T19:35:59.838", "isVoteUp": false, "user": "s1234603"}, "model": "eusay.vote", "pk": 39}, {"fields": {"createdAt": "2014-02-21T21:40:45.250", "isVoteUp": true, "user": "s1234571"}, "model": "eusay.vote", "pk": 42}, {"fields": {"createdAt": "2014-02-21T21:43:43.533", "isVoteUp": true, "user": "s1234597"}, "model": "eusay.vote", "pk": 43}, {"fields": {"createdAt": "2014-02-21T22:05:24.736", "isVoteUp": false, "user": "s1234567"}, "model": "eusay.vote", "pk": 44}, {"fields": {"createdAt": "2014-02-21T22:05:30.518", "isVoteUp": true, "user": "s1234567"}, "model": "eusay.vote", "pk": 45}, {"fields": {"createdAt": "2014-02-21T22:05:33.548", "isVoteUp": false, "user": "s1234567"}, "model": "eusay.vote", "pk": 46}, {"fields": {"createdAt": "2014-02-21T22:05:46.501", "isVoteUp": true, "user": "s1234604"}, "model": "eusay.vote", "pk": 47}, {"fields": {"createdAt": "2014-02-21T22:05:54.328", "isVoteUp": true, "user": "s1234605"}, "model": "eusay.vote", "pk": 48}, {"fields": {"createdAt": "2014-02-21T22:30:12.471", "isVoteUp": true, "user": "s1234597"}, "model": "eusay.vote", "pk": 50}, {"fields": {"createdAt": "2014-02-21T22:30:14.327", "isVoteUp": false, "user": "s1234597"}, "model": "eusay.vote", "pk": 51}, {"fields": {"createdAt": "2014-02-21T22:30:28.737", "isVoteUp": false, "user": "s1234597"}, "model": "eusay.vote", "pk": 52}, {"fields": {"createdAt": "2014-02-21T22:30:31.331", "isVoteUp": true, "user": "s1234597"}, "model": "eusay.vote", "pk": 53}, {"fields": {"createdAt": "2014-02-21T23:01:03.837", "isVoteUp": false, "user": "s1234571"}, "model": "eusay.vote", "pk": 54}, {"fields": {"createdAt": "2014-02-22T00:17:48.258", "isVoteUp": true, "user": "s1234607"}, "model": "eusay.vote", "pk": 55}, {"fields": {"createdAt": "2014-02-22T00:18:13.380", "isVoteUp": true, "user": "s1234607"}, "model": "eusay.vote", "pk": 57}, {"fields": {"createdAt": "2014-02-22T00:24:30.685", "isVoteUp": true, "user": "s1234607"}, "model": "eusay.vote", "pk": 60}, {"fields": {"createdAt": "2014-02-22T15:22:15.884", "isVoteUp": true, "user": "s1234608"}, "model": "eusay.vote", "pk": 61}, {"fields": {"createdAt": "2014-02-22T15:22:16.982", "isVoteUp": false, "user": "s1234608"}, "model": "eusay.vote", "pk": 62}, {"fields": {"createdAt": "2014-02-22T18:11:25.253", "isVoteUp": true, "user": "s1234610"}, "model": "eusay.vote", "pk": 63}, {"fields": {"createdAt": "2014-02-22T18:11:40.926", "isVoteUp": true, "user": "s1234610"}, "model": "eusay.vote", "pk": 64}, {"fields": {"createdAt": "2014-02-22T18:11:43.510", "isVoteUp": true, "user": "s1234610"}, "model": "eusay.vote", "pk": 65}, {"fields": {"createdAt": "2014-02-22T18:35:41.901", "isVoteUp": true, "user": "s1234626"}, "model": "eusay.vote", "pk": 66}, {"fields": {"createdAt": "2014-02-22T18:40:56.275", "isVoteUp": true, "user": "s1234571"}, "model": "eusay.vote", "pk": 67}, {"fields": {"createdAt": "2014-02-22T18:43:54.182", "isVoteUp": true, "user": "s1234626"}, "model": "eusay.vote", "pk": 68}, {"fields": {"createdAt": "2014-02-22T18:44:30.783", "isVoteUp": false, "user": "s1234626"}, "model": "eusay.vote", "pk": 69}, {"fields": {"createdAt": "2014-02-22T18:44:59.051", "isVoteUp": true, "user": "s1234626"}, "model": "eusay.vote", "pk": 70}, {"fields": {"createdAt": "2014-02-22T18:46:59.669", "isVoteUp": false, "user": "s1234626"}, "model": "eusay.vote", "pk": 71}, {"fields": {"createdAt": "2014-02-22T18:47:00.964", "isVoteUp": false, "user": "s1234626"}, "model": "eusay.vote", "pk": 72}, {"fields": {"createdAt": "2014-02-22T18:47:15.792", "isVoteUp": true, "user": "s1234626"}, "model": "eusay.vote", "pk": 73}, {"fields": {"createdAt": "2014-02-22T19:53:39.544", "isVoteUp": false, "user": "s1234607"}, "model": "eusay.vote", "pk": 74}, {"fields": {"createdAt": "2014-02-22T21:22:27.252", "isVoteUp": false, "user": "s1234603"}, "model": "eusay.vote", "pk": 76}, {"fields": {"createdAt": "2014-02-22T21:22:28.344", "isVoteUp": true, "user": "s1234603"}, "model": "eusay.vote", "pk": 77}, {"fields": {"createdAt": "2014-02-23T16:22:03.859", "isVoteUp": false, "user": "s1234607"}, "model": "eusay.vote", "pk": 78}, {"fields": {"createdAt": "2014-02-23T16:22:22.220", "isVoteUp": true, "user": "s1234607"}, "model": "eusay.vote", "pk": 80}, {"fields": {"createdAt": "2014-02-23T16:39:40.051", "isVoteUp": true, "user": "s1234607"}, "model": "eusay.vote", "pk": 81}, {"fields": {"createdAt": "2014-02-23T16:45:15.344", "isVoteUp": true, "user": "s1234607"}, "model": "eusay.vote", "pk": 82}, {"fields": {"createdAt": "2014-02-23T16:46:01.911", "isVoteUp": true, "user": "s1234607"}, "model": "eusay.vote", "pk": 83}, {"fields": {"createdAt": "2014-02-23T16:46:26.811", "isVoteUp": true, "user": "s1234632"}, "model": "eusay.vote", "pk": 84}, {"fields": {"createdAt": "2014-02-23T16:46:31.337", "isVoteUp": true, "user": "s1234632"}, "model": "eusay.vote", "pk": 85}, {"fields": {"createdAt": "2014-02-23T16:47:30.449", "isVoteUp": true, "user": "s1234632"}, "model": "eusay.vote", "pk": 86}, {"fields": {"createdAt": "2014-02-23T17:05:28.106", "isVoteUp": true, "user": "s1234632"}, "model": "eusay.vote", "pk": 87}, {"fields": {"createdAt": "2014-02-23T17:08:18.880", "isVoteUp": true, "user": "s1234632"}, "model": "eusay.vote", "pk": 88}, {"fields": {"createdAt": "2014-02-23T19:35:02.531", "isVoteUp": true, "user": "s1234633"}, "model": "eusay.vote", "pk": 89}, {"fields": {"createdAt": "2014-02-23T19:35:09.348", "isVoteUp": true, "user": "s1234633"}, "model": "eusay.vote", "pk": 90}, {"fields": {"createdAt": "2014-02-23T23:02:19.323", "isVoteUp": false, "user": "s1234634"}, "model": "eusay.vote", "pk": 91}, {"fields": {"createdAt": "2014-02-23T23:02:36.406", "isVoteUp": false, "user": "s1234636"}, "model": "eusay.vote", "pk": 92}, {"fields": {"createdAt": "2014-02-23T23:02:39.134", "isVoteUp": false, "user": "s1234637"}, "model": "eusay.vote", "pk": 93}, {"fields": {"createdAt": "2014-02-23T23:02:42.101", "isVoteUp": false, "user": "s1234638"}, "model": "eusay.vote", "pk": 94}, {"fields": {"createdAt": "2014-02-23T23:02:44.884", "isVoteUp": false, "user": "s1234639"}, "model": "eusay.vote", "pk": 95}, {"fields": {"createdAt": "2014-02-23T23:02:56.539", "isVoteUp": false, "user": "s1234640"}, "model": "eusay.vote", "pk": 96}, {"fields": {"createdAt": "2014-02-23T23:06:31.186", "isVoteUp": true, "user": "s1234641"}, "model": "eusay.vote", "pk": 97}, {"fields": {"createdAt": "2014-02-23T23:06:35.679", "isVoteUp": false, "user": "s1234642"}, "model": "eusay.vote", "pk": 98}, {"fields": {"createdAt": "2014-02-23T23:49:22.704", "isVoteUp": false, "user": "s1234632"}, "model": "eusay.vote", "pk": 99}, {"fields": {"createdAt": "2014-02-23T23:49:34.744", "isVoteUp": true, "user": "s1234632"}, "model": "eusay.vote", "pk": 100}, {"fields": {"createdAt": "2014-02-23T23:49:37.959", "isVoteUp": false, "user": "s1234632"}, "model": "eusay.vote", "pk": 101}, {"fields": {"createdAt": "2014-02-24T09:08:20.636", "isVoteUp": true, "user": "s1234677"}, "model": "eusay.vote", "pk": 102}, {"fields": {"createdAt": "2014-02-24T09:08:29.846", "isVoteUp": true, "user": "s1234677"}, "model": "eusay.vote", "pk": 103}, {"fields": {"createdAt": "2014-02-24T09:27:08.263", "isVoteUp": true, "user": "s1234679"}, "model": "eusay.vote", "pk": 105}, {"fields": {"createdAt": "2014-02-24T16:17:10.569", "isVoteUp": false, "user": "s1234682"}, "model": "eusay.vote", "pk": 107}, {"fields": {"createdAt": "2014-02-24T16:17:12.895", "isVoteUp": false, "user": "s1234682"}, "model": "eusay.vote", "pk": 108}, {"fields": {"createdAt": "2014-02-24T16:17:16.461", "isVoteUp": true, "user": "s1234682"}, "model": "eusay.vote", "pk": 109}, {"fields": {"createdAt": "2014-02-24T16:17:21.859", "isVoteUp": true, "user": "s1234682"}, "model": "eusay.vote", "pk": 110}, {"fields": {"createdAt": "2014-02-24T16:17:26.425", "isVoteUp": false, "user": "s1234682"}, "model": "eusay.vote", "pk": 111}, {"fields": {"createdAt": "2014-02-25T00:55:48.760", "isVoteUp": false, "user": "s1234632"}, "model": "eusay.vote", "pk": 112}, {"fields": {"createdAt": "2014-02-25T20:15:13.408", "isVoteUp": true, "user": "s1234679"}, "model": "eusay.vote", "pk": 113}, {"fields": {"createdAt": "2014-02-25T20:26:32.190", "isVoteUp": true, "user": "s1234628"}, "model": "eusay.vote", "pk": 115}, {"fields": {"createdAt": "2014-02-25T20:26:33.118", "isVoteUp": false, "user": "s1234628"}, "model": "eusay.vote", "pk": 116}, {"fields": {"createdAt": "2014-02-25T20:26:37.532", "isVoteUp": true, "user": "s1234628"}, "model": "eusay.vote", "pk": 117}, {"fields": {"createdAt": "2014-02-26T13:09:41.687", "isVoteUp": true, "user": "s1234687"}, "model": "eusay.vote", "pk": 118}, {"fields": {"createdAt": "2014-02-27T21:30:24.395", "isVoteUp": true, "user": "s1234631"}, "model": "eusay.vote", "pk": 119}, {"fields": {"createdAt": "2014-03-02T15:37:28.429", "isVoteUp": true, "user": "s1234699"}, "model": "eusay.vote", "pk": 120}, {"fields": {"createdAt": "2014-03-02T15:37:30.717", "isVoteUp": true, "user": "s1234699"}, "model": "eusay.vote", "pk": 121}, {"fields": {"createdAt": "2014-03-02T15:37:35.794", "isVoteUp": true, "user": "s1234699"}, "model": "eusay.vote", "pk": 122}, {"fields": {"createdAt": "2014-03-02T15:37:50.017", "isVoteUp": false, "user": "s1234699"}, "model": "eusay.vote", "pk": 123}, {"fields": {"createdAt": "2014-02-21", "title": "EUSA should support Scottish independence", "actionDescription": " Lorem ipsum dolor sit amet, consectetur adipiscing elit. Morbi aliquet molestie ornare. Nam auctor eget ligula ac facilisis. In hac habitasse platea dictumst. Aliquam porta, enim nec ultrices sagittis, ipsum ipsum semper tortor, sit amet dignissim felis lorem vel nibh. Aenean pellentesque magna ante, et lacinia lectus gravida sit amet. Mauris vel odio nec elit suscipit tristique non vitae lectus. Ut aliquet hendrerit purus a eleifend. ", "lastModified": "2014-02-21", "backgroundDescription": " Donec auctor felis commodo, ullamcorper libero vitae, luctus purus. Donec eu libero at eros suscipit lacinia. Phasellus nec augue at nunc viverra iaculis eget at libero. Praesent orci tellus, aliquet in felis ut, luctus semper urna. Vestibulum non lacus scelerisque, ornare nibh nec, tincidunt velit. Proin sit amet egestas diam. Sed eget aliquam diam. Duis id sagittis arcu. Pellentesque non bibendum neque. Fusce cursus eget quam a bibendum. Donec enim libero, faucibus vitae luctus tempor, venenatis a neque. Praesent nec nibh non justo sagittis viverra vitae vitae enim. Aenean vitae adipiscing arcu. ", "beliefsDescription": " Duis consequat mi blandit turpis tincidunt facilisis. Nullam varius faucibus quam non accumsan. Phasellus ac mattis mi, at sagittis nibh. Class aptent taciti sociosqu ad litora torquent per conubia nostra, per inceptos himenaeos. Sed consectetur tempus justo eget aliquam. Phasellus pharetra elit at magna placerat, sit amet luctus magna vestibulum. Proin condimentum nibh id augue pretium, et sodales neque sagittis. Curabitur ut augue dictum, sollicitudin enim sit amet, dictum mauris. Praesent quis auctor massa. Praesent mollis a purus vitae convallis. Nulla eros tortor, cursus non diam nec, hendrerit fringilla ipsum. Praesent lacus lorem, fringilla sit amet mauris quis, placerat rutrum massa. Pellentesque habitant morbi tristique senectus et netus et malesuada fames ac turpis egestas. Etiam sed viverra mi. Ut dui quam, iaculis eu dignissim et, laoreet ac turpis. Morbi scelerisque mi quis posuere accumsan. ", "proposer": "s1234567"}, "model": "eusay.proposal", "pk": 1}, {"fields": {"createdAt": "2014-02-21", "title": "Free pizza for all students", "actionDescription": "Lorem ipsum dolor sit amet, consectetur adipiscing elit. Duis eget faucibus eros. Ut egestas nisi in massa luctus, sed vestibulum diam tincidunt. Fusce libero mauris, viverra id risus et, lobortis faucibus dui. Etiam scelerisque massa leo, a sollicitudin dui semper viverra. Donec interdum tempus est vel interdum. Curabitur ac placerat metus, id rutrum lacus. Vestibulum ut lorem rutrum, consectetur lorem a, egestas turpis. Fusce pharetra ullamcorper ante, et consectetur nisl cursus et. Maecenas suscipit imperdiet leo blandit facilisis. Vestibulum tortor turpis, ultrices sit amet vulputate ac, auctor vitae nisi. Morbi eget justo dui. ", "lastModified": "2014-02-21", "backgroundDescription": "Vestibulum et posuere sapien, vitae facilisis massa. Nunc justo est, semper a aliquet ut, vehicula at dui. Suspendisse nec odio sit amet massa varius faucibus pellentesque non nunc. Pellentesque quis varius tortor, ut ultrices leo. Nam a justo eget tortor hendrerit rhoncus sed in enim. Suspendisse posuere enim eget felis rhoncus pulvinar. Aliquam at tincidunt diam. Morbi sem dolor, posuere at lacinia non, feugiat quis massa. Donec in lacus posuere, pharetra augue vel, bibendum ipsum. Duis vitae velit porta, bibendum sapien sit amet, interdum nisl. ", "beliefsDescription": "Morbi porta eget arcu quis vulputate. In nisi est, suscipit vitae accumsan id, faucibus id sapien. Ut convallis mi iaculis nisl luctus, in ullamcorper felis scelerisque. Phasellus auctor elit eget elit consequat, quis egestas magna porta. Nullam cursus, magna ac tristique volutpat, eros odio mattis enim, id gravida lectus sapien eget orci. Quisque sagittis nulla ut nunc facilisis varius. Aliquam suscipit pulvinar venenatis. Duis consectetur lorem eget nisi porta euismod. Donec elementum tempor eros, vel suscipit nulla tempor vel. Ut sit amet tincidunt erat. Curabitur congue massa vel est pulvinar varius. Donec id nibh nisl. Nunc tincidunt imperdiet eleifend. Pellentesque sollicitudin enim a urna vestibulum placerat. Phasellus pretium nulla risus, quis varius diam euismod et. ", "proposer": "s1234567"}, "model": "eusay.proposal", "pk": 2}, {"fields": {"createdAt": "2014-02-21", "title": "Support the divestment campaign", "actionDescription": "Morbi porta eget arcu quis vulputate. In nisi est, suscipit vitae accumsan id, faucibus id sapien. Ut convallis mi iaculis nisl luctus, in ullamcorper felis scelerisque. Phasellus auctor elit eget elit consequat, quis egestas magna porta. Nullam cursus, magna ac tristique volutpat, eros odio mattis enim, id gravida lectus sapien eget orci. Quisque sagittis nulla ut nunc facilisis varius. Aliquam suscipit pulvinar venenatis. Duis consectetur lorem eget nisi porta euismod. Donec elementum tempor eros, vel suscipit nulla tempor vel. Ut sit amet tincidunt erat. Curabitur congue massa vel est pulvinar varius. Donec id nibh nisl. Nunc tincidunt imperdiet eleifend. Pellentesque sollicitudin enim a urna vestibulum placerat. Phasellus pretium nulla risus, quis varius diam euismod et. ", "lastModified": "2014-02-21", "backgroundDescription": "Duis interdum, est sed vestibulum mattis, nulla est auctor nisi, vestibulum rhoncus sapien libero in odio. Donec ullamcorper nec nulla ut volutpat. Phasellus quis dolor sem. Aliquam non consectetur dolor. Donec non molestie mauris. Interdum et malesuada fames ac ante ipsum primis in faucibus. Nulla rutrum, ipsum ut egestas vestibulum, enim massa imperdiet ligula, vitae porta nisi dolor ac est. Praesent luctus, diam ut dignissim fermentum, lacus purus dictum eros, et ultrices arcu lectus sit amet nulla. Curabitur vestibulum blandit consequat. Nullam massa nisi, congue at lorem sed, vestibulum fringilla metus. Donec egestas lacus at mi ullamcorper mollis. Sed vitae viverra massa, suscipit porttitor quam. Nullam in risus auctor, tempus orci sed, pulvinar ipsum. Etiam elementum, ligula nec convallis suscipit, tortor quam auctor velit, sed porta est felis sed sem. Nulla nec mi rhoncus, egestas lacus a, lacinia lacus. ", "beliefsDescription": "Maecenas ullamcorper id mi eget elementum. Sed ultricies ante lectus, cursus vulputate diam egestas et. Vivamus nec fermentum nisl. Phasellus consequat purus non est tincidunt, quis semper dui sollicitudin. Praesent eu nunc aliquam, rutrum orci viverra, dignissim diam. Donec non est magna. Integer et ante auctor, venenatis ipsum ut, ornare diam. ", "proposer": "s1234567"}, "model": "eusay.proposal", "pk": 3}, {"fields": {"createdAt": "2014-02-21", "title": "More hackathons", "actionDescription": "Lorem ipsum dolor sit amet, consectetur adipiscing elit. Duis eget faucibus eros. Ut egestas nisi in massa luctus, sed vestibulum diam tincidunt. Fusce libero mauris, viverra id risus et, lobortis faucibus dui. Etiam scelerisque massa leo, a sollicitudin dui semper viverra. Donec interdum tempus est vel interdum. Curabitur ac placerat metus, id rutrum lacus. Vestibulum ut lorem rutrum, consectetur lorem a, egestas turpis. Fusce pharetra ullamcorper ante, et consectetur nisl cursus et. Maecenas suscipit imperdiet leo blandit facilisis. Vestibulum tortor turpis, ultrices sit amet vulputate ac, auctor vitae nisi. Morbi eget justo dui. ", "lastModified": "2014-02-21", "backgroundDescription": "Vestibulum et posuere sapien, vitae facilisis massa. Nunc justo est, semper a aliquet ut, vehicula at dui. Suspendisse nec odio sit amet massa varius faucibus pellentesque non nunc. Pellentesque quis varius tortor, ut ultrices leo. Nam a justo eget tortor hendrerit rhoncus sed in enim. Suspendisse posuere enim eget felis rhoncus pulvinar. Aliquam at tincidunt diam. Morbi sem dolor, posuere at lacinia non, feugiat quis massa. Donec in lacus posuere, pharetra augue vel, bibendum ipsum. Duis vitae velit porta, bibendum sapien sit amet, interdum nisl. ", "beliefsDescription": " Duis consequat mi blandit turpis tincidunt facilisis. Nullam varius faucibus quam non accumsan. Phasellus ac mattis mi, at sagittis nibh. Class aptent taciti sociosqu ad litora torquent per conubia nostra, per inceptos himenaeos. Sed consectetur tempus justo eget aliquam. Phasellus pharetra elit at magna placerat, sit amet luctus magna vestibulum. Proin condimentum nibh id augue pretium, et sodales neque sagittis. Curabitur ut augue dictum, sollicitudin enim sit amet, dictum mauris. Praesent quis auctor massa. Praesent mollis a purus vitae convallis. Nulla eros tortor, cursus non diam nec, hendrerit fringilla ipsum. Praesent lacus lorem, fringilla sit amet mauris quis, placerat rutrum massa. Pellentesque habitant morbi tristique senectus et netus et malesuada fames ac turpis egestas. Etiam sed viverra mi. Ut dui quam, iaculis eu dignissim et, laoreet ac turpis. Morbi scelerisque mi quis posuere accumsan. ", "proposer": "s1234567"}, "model": "eusay.proposal", "pk": 4}, {"fields": {"createdAt": "2014-02-22", "title": "Cascada and Venga Boys at Potterow all year.", "actionDescription": "EUSA shall book Cascada and Venga Boys alternating on weekends throughout the whole year. Additional costs shall be paid by the University's principal. In return, the principal is granted compulsory free entry till 11pm and drink vouchers worth \u00a337.85.", "lastModified": "2014-02-22", "backgroundDescription": "This new event structure would provide the University community with the opportunity to party with its principal every Saturday to classics like \"Every time we touch\" or \"Boom, boom, boom, boom, I want you in my room\".", "beliefsDescription": "FUN FUN FUN", "proposer": "s1234626"}, "model": "eusay.proposal", "pk": 6}, {"fields": {"createdAt": "2014-02-22", "title": "Only Weight Watchers products in EUSA shops.", "actionDescription": "Substitute all EUSA shop items with their Weight Watchers pendants. ", "lastModified": "2014-02-22", "backgroundDescription": "Students shall be forced to buy less tasty food when shopping in EUSA shops. ", "beliefsDescription": "Weight Watchers is the Brand I Believe In!", "proposer": "s1234626"}, "model": "eusay.proposal", "pk": 7}, {"fields": {"createdAt": "2014-02-26", "title": "EUSA should make something cool with the help of students", "actionDescription": "Lorem ipsum dolor sit amet, consectetur adipiscing elit. Duis eget faucibus eros. Ut egestas nisi in massa luctus, sed vestibulum diam tincidunt. Fusce libero mauris, viverra id risus et, lobortis faucibus dui. Etiam scelerisque massa leo, a sollicitudin dui semper viverra. Donec interdum tempus est vel interdum. Curabitur ac placerat metus, id rutrum lacus. Vestibulum ut lorem rutrum, consectetur lorem a, egestas turpis. Fusce pharetra ullamcorper ante, et consectetur nisl cursus et. Maecenas suscipit imperdiet leo blandit facilisis. Vestibulum tortor turpis, ultrices sit amet vulputate ac, auctor vitae nisi. Morbi eget justo dui. ", "lastModified": "2014-02-26", "backgroundDescription": "Vestibulum et posuere sapien, vitae facilisis massa. Nunc justo est, semper a aliquet ut, vehicula at dui. Suspendisse nec odio sit amet massa varius faucibus pellentesque non nunc. Pellentesque quis varius tortor, ut ultrices leo. Nam a justo eget tortor hendrerit rhoncus sed in enim. Suspendisse posuere enim eget felis rhoncus pulvinar. Aliquam at tincidunt diam. Morbi sem dolor, posuere at lacinia non, feugiat quis massa. Donec in lacus posuere, pharetra augue vel, bibendum ipsum. Duis vitae velit porta, bibendum sapien sit amet, interdum nisl. ", "beliefsDescription": " Duis consequat mi blandit turpis tincidunt facilisis. Nullam varius faucibus quam non accumsan. Phasellus ac mattis mi, at sagittis nibh. Class aptent taciti sociosqu ad litora torquent per conubia nostra, per inceptos himenaeos. Sed consectetur tempus justo eget aliquam. Phasellus pharetra elit at magna placerat, sit amet luctus magna vestibulum. Proin condimentum nibh id augue pretium, et sodales neque sagittis. Curabitur ut augue dictum, sollicitudin enim sit amet, dictum mauris. Praesent quis auctor massa. Praesent mollis a purus vitae convallis. Nulla eros tortor, cursus non diam nec, hendrerit fringilla ipsum. Praesent lacus lorem, fringilla sit amet mauris quis, placerat rutrum massa. Pellentesque habitant morbi tristique senectus et netus et malesuada fames ac turpis egestas. Etiam sed viverra mi. Ut dui quam, iaculis eu dignissim et, laoreet ac turpis. Morbi scelerisque mi quis posuere accumsan. ", "proposer": "s1234687"}, "model": "eusay.proposal", "pk": 8}, {"fields": {"proposal": 1}, "model": "eusay.proposalvote", "pk": 1}, {"fields": {"proposal": 1}, "model": "eusay.proposalvote", "pk": 2}, {"fields": {"proposal": 1}, "model": "eusay.proposalvote", "pk": 3}, {"fields": {"proposal": 1}, "model": "eusay.proposalvote", "pk": 4}, {"fields": {"proposal": 1}, "model": "eusay.proposalvote", "pk": 5}, {"fields": {"proposal": 1}, "model": "eusay.proposalvote", "pk": 6}, {"fields": {"proposal": 1}, "model": "eusay.proposalvote", "pk": 7}, {"fields": {"proposal": 2}, "model": "eusay.proposalvote", "pk": 8}, {"fields": {"proposal": 2}, "model": "eusay.proposalvote", "pk": 9}, {"fields": {"proposal": 2}, "model": "eusay.proposalvote", "pk": 10}, {"fields": {"proposal": 2}, "model": "eusay.proposalvote", "pk": 11}, {"fields": {"proposal": 3}, "model": "eusay.proposalvote", "pk": 12}, {"fields": {"proposal": 3}, "model": "eusay.proposalvote", "pk": 13}, {"fields": {"proposal": 3}, "model": "eusay.proposalvote", "pk": 14}, {"fields": {"proposal": 3}, "model": "eusay.proposalvote", "pk": 15}, {"fields": {"proposal": 3}, "model": "eusay.proposalvote", "pk": 16}, {"fields": {"proposal": 1}, "model": "eusay.proposalvote", "pk": 17}, {"fields": {"proposal": 2}, "model": "eusay.proposalvote", "pk": 18}, {"fields": {"proposal": 1}, "model": "eusay.proposalvote", "pk": 19}, {"fields": {"proposal": 2}, "model": "eusay.proposalvote", "pk": 20}, {"fields": {"proposal": 1}, "model": "eusay.proposalvote", "pk": 26}, {"fields": {"proposal": 1}, "model": "eusay.proposalvote", "pk": 27}, {"fields": {"proposal": 2}, "model": "eusay.proposalvote", "pk": 31}, {"fields": {"proposal": 4}, "model": "eusay.proposalvote", "pk": 32}, {"fields": {"proposal": 4}, "model": "eusay.proposalvote", "pk": 33}, {"fields": {"proposal": 1}, "model": "eusay.proposalvote", "pk": 35}, {"fields": {"proposal": 1}, "model": "eusay.proposalvote", "pk": 37}, {"fields": {"proposal": 2}, "model": "eusay.proposalvote", "pk": 38}, {"fields": {"proposal": 3}, "model": "eusay.proposalvote", "pk": 39}, {"fields": {"proposal": 1}, "model": "eusay.proposalvote", "pk": 42}, {"fields": {"proposal": 1}, "model": "eusay.proposalvote", "pk": 43}, {"fields": {"proposal": 2}, "model": "eusay.proposalvote", "pk": 44}, {"fields": {"proposal": 3}, "model": "eusay.proposalvote", "pk": 45}, {"fields": {"proposal": 4}, "model": "eusay.proposalvote", "pk": 46}, {"fields": {"proposal": 1}, "model": "eusay.proposalvote", "pk": 47}, {"fields": {"proposal": 1}, "model": "eusay.proposalvote", "pk": 48}, {"fields": {"proposal": 2}, "model": "eusay.proposalvote", "pk": 50}, {"fields": {"proposal": 3}, "model": "eusay.proposalvote", "pk": 51}, {"fields": {"proposal": 4}, "model": "eusay.proposalvote", "pk": 53}, {"fields": {"proposal": 1}, "model": "eusay.proposalvote", "pk": 60}, {"fields": {"proposal": 1}, "model": "eusay.proposalvote", "pk": 61}, {"fields": {"proposal": 2}, "model": "eusay.proposalvote", "pk": 62}, {"fields": {"proposal": 2}, "model": "eusay.proposalvote", "pk": 63}, {"fields": {"proposal": 4}, "model": "eusay.proposalvote", "pk": 64}, {"fields": {"proposal": 1}, "model": "eusay.proposalvote", "pk": 65}, {"fields": {"proposal": 6}, "model": "eusay.proposalvote", "pk": 66}, {"fields": {"proposal": 6}, "model": "eusay.proposalvote", "pk": 67}, {"fields": {"proposal": 4}, "model": "eusay.proposalvote", "pk": 72}, {"fields": {"proposal": 7}, "model": "eusay.proposalvote", "pk": 74}, {"fields": {"proposal": 4}, "model": "eusay.proposalvote", "pk": 78}, {"fields": {"proposal": 6}, "model": "eusay.proposalvote", "pk": 81}, {"fields": {"proposal": 2}, "model": "eusay.proposalvote", "pk": 82}, {"fields": {"proposal": 3}, "model": "eusay.proposalvote", "pk": 83}, {"fields": {"proposal": 3}, "model": "eusay.proposalvote", "pk": 86}, {"fields": {"proposal": 6}, "model": "eusay.proposalvote", "pk": 88}, {"fields": {"proposal": 3}, "model": "eusay.proposalvote", "pk": 89}, {"fields": {"proposal": 6}, "model": "eusay.proposalvote", "pk": 90}, {"fields": {"proposal": 7}, "model": "eusay.proposalvote", "pk": 91}, {"fields": {"proposal": 7}, "model": "eusay.proposalvote", "pk": 92}, {"fields": {"proposal": 7}, "model": "eusay.proposalvote", "pk": 93}, {"fields": {"proposal": 7}, "model": "eusay.proposalvote", "pk": 94}, {"fields": {"proposal": 7}, "model": "eusay.proposalvote", "pk": 95}, {"fields": {"proposal": 7}, "model": "eusay.proposalvote", "pk": 96}, {"fields": {"proposal": 3}, "model": "eusay.proposalvote", "pk": 97}, {"fields": {"proposal": 3}, "model": "eusay.proposalvote", "pk": 98}, {"fields": {"proposal": 2}, "model": "eusay.proposalvote", "pk": 99}, {"fields": {"proposal": 4}, "model": "eusay.proposalvote", "pk": 100}, {"fields": {"proposal": 1}, "model": "eusay.proposalvote", "pk": 102}, {"fields": {"proposal": 6}, "model": "eusay.proposalvote", "pk": 103}, {"fields": {"proposal": 3}, "model": "eusay.proposalvote", "pk": 105}, {"fields": {"proposal": 6}, "model": "eusay.proposalvote", "pk": 107}, {"fields": {"proposal": 2}, "model": "eusay.proposalvote", "pk": 108}, {"fields": {"proposal": 4}, "model": "eusay.proposalvote", "pk": 109}, {"fields": {"proposal": 3}, "model": "eusay.proposalvote", "pk": 110}, {"fields": {"proposal": 1}, "model": "eusay.proposalvote", "pk": 111}, {"fields": {"proposal": 1}, "model": "eusay.proposalvote", "pk": 112}, {"fields": {"proposal": 1}, "model": "eusay.proposalvote", "pk": 113}, {"fields": {"proposal": 3}, "model": "eusay.proposalvote", "pk": 117}, {"fields": {"proposal": 8}, "model": "eusay.proposalvote", "pk": 118}, {"fields": {"proposal": 1}, "model": "eusay.proposalvote", "pk": 119}, {"fields": {"proposal": 2}, "model": "eusay.proposalvote", "pk": 120}, {"fields": {"proposal": 4}, "model": "eusay.proposalvote", "pk": 121}, {"fields": {"proposal": 8}, "model": "eusay.proposalvote", "pk": 122}, {"fields": {"proposal": 7}, "model": "eusay.proposalvote", "pk": 123}, {"fields": {"comment": 2}, "model": "eusay.commentvote", "pk": 23}, {"fields": {"comment": 2}, "model": "eusay.commentvote", "pk": 24}, {"fields": {"comment": 9}, "model": "eusay.commentvote", "pk": 25}, {"fields": {"comment": 1}, "model": "eusay.commentvote", "pk": 29}, {"fields": {"comment": 3}, "model": "eusay.commentvote", "pk": 30}, {"fields": {"comment": 1}, "model": "eusay.commentvote", "pk": 34}, {"fields": {"comment": 8}, "model": "eusay.commentvote", "pk": 55}, {"fields": {"comment": 7}, "model": "eusay.commentvote", "pk": 57}, {"fields": {"comment": 12}, "model": "eusay.commentvote", "pk": 68}, {"fields": {"comment": 6}, "model": "eusay.commentvote", "pk": 69}, {"fields": {"comment": 13}, "model": "eusay.commentvote", "pk": 70}, {"fields": {"comment": 8}, "model": "eusay.commentvote", "pk": 73}, {"fields": {"comment": 14}, "model": "eusay.commentvote", "pk": 76}, {"fields": {"comment": 3}, "model": "eusay.commentvote", "pk": 77}, {"fields": {"comment": 12}, "model": "eusay.commentvote", "pk": 80}, {"fields": {"comment": 8}, "model": "eusay.commentvote", "pk": 84}, {"fields": {"comment": 7}, "model": "eusay.commentvote", "pk": 85}, {"fields": {"comment": 16}, "model": "eusay.commentvote", "pk": 87}, {"fields": {"comment": 1}, "model": "eusay.commentvote", "pk": 115}, {"fields": {"comment": 3}, "model": "eusay.commentvote", "pk": 116}, {"fields": {"createdAt": "2014-02-21", "name": "John", "userStatus": ""}, "model": "eusay.user", "pk": "s1234567"}, {"fields": {"createdAt": "2014-02-21", "name": "Shelba", "userStatus": "User"}, "model": "eusay.user", "pk": "s1234568"}, {"fields": {"createdAt": "2014-02-21", "name": "Juana", "userStatus": "User"}, "model": "eusay.user", "pk": "s1234569"}, {"fields": {"createdAt": "2014-02-21", "name": "Vonda", "userStatus": "User"}, "model": "eusay.user", "pk": "s1234570"}, {"fields": {"createdAt": "2014-02-21", "name": "Vonda", "userStatus": "User"}, "model": "eusay.user", "pk": "s1234571"}, {"fields": {"createdAt": "2014-02-21", "name": "Rosemary", "userStatus": "User"}, "model": "eusay.user", "pk": "s1234572"}, {"fields": {"createdAt": "2014-02-21", "name": "Cherise", "userStatus": "User"}, "model": "eusay.user", "pk": "s1234573"}, {"fields": {"createdAt": "2014-02-21", "name": "Wilburn", "userStatus": "User"}, "model": "eusay.user", "pk": "s1234574"}, {"fields": {"createdAt": "2014-02-21", "name": "Shelba", "userStatus": "User"}, "model": "eusay.user", "pk": "s1234575"}, {"fields": {"createdAt": "2014-02-21", "name": "Yevette", "userStatus": "User"}, "model": "eusay.user", "pk": "s1234576"}, {"fields": {"createdAt": "2014-02-21", "name": "Chas", "userStatus": "User"}, "model": "eusay.user", "pk": "s1234577"}, {"fields": {"createdAt": "2014-02-21", "name": "Sheron", "userStatus": "User"}, "model": "eusay.user", "pk": "s1234578"}, {"fields": {"createdAt": "2014-02-21", "name": "Juliet", "userStatus": "User"}, "model": "eusay.user", "pk": "s1234579"}, {"fields": {"createdAt": "2014-02-21", "name": "Carson", "userStatus": "User"}, "model": "eusay.user", "pk": "s1234580"}, {"fields": {"createdAt": "2014-02-21", "name": "Yuonne", "userStatus": "User"}, "model": "eusay.user", "pk": "s1234581"}, {"fields": {"createdAt": "2014-02-21", "name": "Kristi", "userStatus": "User"}, "model": "eusay.user", "pk": "s1234582"}, {"fields": {"createdAt": "2014-02-21", "name": "Lorena", "userStatus": "User"}, "model": "eusay.user", "pk": "s1234583"}, {"fields": {"createdAt": "2014-02-21", "name": "Jacqui", "userStatus": "User"}, "model": "eusay.user", "pk": "s1234584"}, {"fields": {"createdAt": "2014-02-21", "name": "Elmer", "userStatus": "User"}, "model": "eusay.user", "pk": "s1234585"}, {"fields": {"createdAt": "2014-02-21", "name": "Wendell", "userStatus": "User"}, "model": "eusay.user", "pk": "s1234586"}, {"fields": {"createdAt": "2014-02-21", "name": "Isaac", "userStatus": "User"}, "model": "eusay.user", "pk": "s1234587"}, {"fields": {"createdAt": "2014-02-21", "name": "Kamala", "userStatus": "User"}, "model": "eusay.user", "pk": "s1234588"}, {"fields": {"createdAt": "2014-02-21", "name": "Tuan", "userStatus": "User"}, "model": "eusay.user", "pk": "s1234589"}, {"fields": {"createdAt": "2014-02-21", "name": "Christoper", "userStatus": "User"}, "model": "eusay.user", "pk": "s1234590"}, {"fields": {"createdAt": "2014-02-21", "name": "Tuan", "userStatus": "User"}, "model": "eusay.user", "pk": "s1234591"}, {"fields": {"createdAt": "2014-02-21", "name": "Sheron", "userStatus": "User"}, "model": "eusay.user", "pk": "s1234592"}, {"fields": {"createdAt": "2014-02-21", "name": "Kaley", "userStatus": "User"}, "model": "eusay.user", "pk": "s1234593"}, {"fields": {"createdAt": "2014-02-21", "name": "Juana", "userStatus": "User"}, "model": "eusay.user", "pk": "s1234594"}, {"fields": {"createdAt": "2014-02-21", "name": "Sheron", "userStatus": "User"}, "model": "eusay.user", "pk": "s1234595"}, {"fields": {"createdAt": "2014-02-21", "name": "Yevette", "userStatus": "User"}, "model": "eusay.user", "pk": "s1234596"}, {"fields": {"createdAt": "2014-02-21", "name": "Adriene", "userStatus": "User"}, "model": "eusay.user", "pk": "s1234597"}, {"fields": {"createdAt": "2014-02-21", "name": "Wendell", "userStatus": "User"}, "model": "eusay.user", "pk": "s1234598"}, {"fields": {"createdAt": "2014-02-21", "name": "Wendell", "userStatus": "User"}, "model": "eusay.user", "pk": "s1234599"}, {"fields": {"createdAt": "2014-02-21", "name": "Sheron", "userStatus": "User"}, "model": "eusay.user", "pk": "s1234600"}, {"fields": {"createdAt": "2014-02-21", "name": "Denyse", "userStatus": "User"}, "model": "eusay.user", "pk": "s1234601"}, {"fields": {"createdAt": "2014-02-21", "name": "Jacqui", "userStatus": "User"}, "model": "eusay.user", "pk": "s1234602"}, {"fields": {"createdAt": "2014-02-21", "name": "Dania", "userStatus": "User"}, "model": "eusay.user", "pk": "s1234603"}, {"fields": {"createdAt": "2014-02-21", "name": "Cherise", "userStatus": "User"}, "model": "eusay.user", "pk": "s1234604"}, {"fields": {"createdAt": "2014-02-21", "name": "Thad", "userStatus": "User"}, "model": "eusay.user", "pk": "s1234605"}, {"fields": {"createdAt": "2014-02-21", "name": "Kristi", "userStatus": "User"}, "model": "eusay.user", "pk": "s1234606"}, {"fields": {"createdAt": "2014-02-22", "name": "Tobias", "userStatus": "User"}, "model": "eusay.user", "pk": "s1234607"}, {"fields": {"createdAt": "2014-02-22", "name": "Juliet", "userStatus": "User"}, "model": "eusay.user", "pk": "s1234608"}, {"fields": {"createdAt": "2014-02-22", "name": "Wendell", "userStatus": "User"}, "model": "eusay.user", "pk": "s1234609"}, {"fields": {"createdAt": "2014-02-22", "name": "Kamala", "userStatus": "User"}, "model": "eusay.user", "pk": "s1234610"}, {"fields": {"createdAt": "2014-02-22", "name": "Wendell", "userStatus": "User"}, "model": "eusay.user", "pk": "s1234611"}, {"fields": {"createdAt": "2014-02-22", "name": "Georgette", "userStatus": "User"}, "model": "eusay.user", "pk": "s1234612"}, {"fields": {"createdAt": "2014-02-22", "name": "Juana", "userStatus": "User"}, "model": "eusay.user", "pk": "s1234613"}, {"fields": {"createdAt": "2014-02-22", "name": "Chas", "userStatus": "User"}, "model": "eusay.user", "pk": "s1234614"}, {"fields": {"createdAt": "2014-02-22", "name": "Elmer", "userStatus": "User"}, "model": "eusay.user", "pk": "s1234615"}, {"fields": {"createdAt": "2014-02-22", "name": "Cherise", "userStatus": "User"}, "model": "eusay.user", "pk": "s1234616"}, {"fields": {"createdAt": "2014-02-22", "name": "Alison", "userStatus": "User"}, "model": "eusay.user", "pk": "s1234617"}, {"fields": {"createdAt": "2014-02-22", "name": "Tobias", "userStatus": "User"}, "model": "eusay.user", "pk": "s1234618"}, {"fields": {"createdAt": "2014-02-22", "name": "Dania", "userStatus": "User"}, "model": "eusay.user", "pk": "s1234619"}, {"fields": {"createdAt": "2014-02-22", "name": "Bo", "userStatus": "User"}, "model": "eusay.user", "pk": "s1234620"}, {"fields": {"createdAt": "2014-02-22", "name": "Shanon", "userStatus": "User"}, "model": "eusay.user", "pk": "s1234621"}, {"fields": {"createdAt": "2014-02-22", "name": "Rubie", "userStatus": "User"}, "model": "eusay.user", "pk": "s1234622"}, {"fields": {"createdAt": "2014-02-22", "name": "Carson", "userStatus": "User"}, "model": "eusay.user", "pk": "s1234623"}, {"fields": {"createdAt": "2014-02-22", "name": "Jacqui", "userStatus": "User"}, "model": "eusay.user", "pk": "s1234624"}, {"fields": {"createdAt": "2014-02-22", "name": "Vonda", "userStatus": "User"}, "model": "eusay.user", "pk": "s1234625"}, {"fields": {"createdAt": "2014-02-22", "name": "Michelina", "userStatus": "User"}, "model": "eusay.user", "pk": "s1234626"}, {"fields": {"createdAt": "2014-02-22", "name": "Brooke", "userStatus": "User"}, "model": "eusay.user", "pk": "s1234627"}, {"fields": {"createdAt": "2014-02-22", "name": "Yuonne", "userStatus": "User"}, "model": "eusay.user", "pk": "s1234628"}, {"fields": {"createdAt": "2014-02-23", "name": "Odell", "userStatus": "User"}, "model": "eusay.user", "pk": "s1234629"}, {"fields": {"createdAt": "2014-02-23", "name": "Raymonde", "userStatus": "User"}, "model": "eusay.user", "pk": "s1234630"}, {"fields": {"createdAt": "2014-02-23", "name": "Christoper", "userStatus": "User"}, "model": "eusay.user", "pk": "s1234631"}, {"fields": {"createdAt": "2014-02-23", "name": "Eden", "userStatus": "User"}, "model": "eusay.user", "pk": "s1234632"}, {"fields": {"createdAt": "2014-02-23", "name": "Adriene", "userStatus": "User"}, "model": "eusay.user", "pk": "s1234633"}, {"fields": {"createdAt": "2014-02-23", "name": "Kaley", "userStatus": "User"}, "model": "eusay.user", "pk": "s1234634"}, {"fields": {"createdAt": "2014-02-23", "name": "Tobias", "userStatus": "User"}, "model": "eusay.user", "pk": "s1234635"}, {"fields": {"createdAt": "2014-02-23", "name": "Christoper", "userStatus": "User"}, "model": "eusay.user", "pk": "s1234636"}, {"fields": {"createdAt": "2014-02-23", "name": "Sheron", "userStatus": "User"}, "model": "eusay.user", "pk": "s1234637"}, {"fields": {"createdAt": "2014-02-23", "name": "Odell", "userStatus": "User"}, "model": "eusay.user", "pk": "s1234638"}, {"fields": {"createdAt": "2014-02-23", "name": "Dania", "userStatus": "User"}, "model": "eusay.user", "pk": "s1234639"}, {"fields": {"createdAt": "2014-02-23", "name": "Asha", "userStatus": "User"}, "model": "eusay.user", "pk": "s1234640"}, {"fields": {"createdAt": "2014-02-23", "name": "Tuan", "userStatus": "User"}, "model": "eusay.user", "pk": "s1234641"}, {"fields": {"createdAt": "2014-02-23", "name": "Tonja", "userStatus": "User"}, "model": "eusay.user", "pk": "s1234642"}, {"fields": {"createdAt": "2014-02-23", "name": "Aline", "userStatus": "User"}, "model": "eusay.user", "pk": "s1234643"}, {"fields": {"createdAt": "2014-02-23", "name": "Elmer", "userStatus": "User"}, "model": "eusay.user", "pk": "s1234644"}, {"fields": {"createdAt": "2014-02-24", "name": "Salley", "userStatus": "User"}, "model": "eusay.user", "pk": "s1234645"}, {"fields": {"createdAt": "2014-02-24", "name": "Denyse", "userStatus": "User"}, "model": "eusay.user", "pk": "s1234646"}, {"fields": {"createdAt": "2014-02-24", "name": "Odell", "userStatus": "User"}, "model": "eusay.user", "pk": "s1234647"}, {"fields": {"createdAt": "2014-02-24", "name": "Frank", "userStatus": "User"}, "model": "eusay.user", "pk": "s1234648"}, {"fields": {"createdAt": "2014-02-24", "name": "Sheron", "userStatus": "User"}, "model": "eusay.user", "pk": "s1234649"}, {"fields": {"createdAt": "2014-02-24", "name": "Adriene", "userStatus": "User"}, "model": "eusay.user", "pk": "s1234650"}, {"fields": {"createdAt": "2014-02-24", "name": "Frank", "userStatus": "User"}, "model": "eusay.user", "pk": "s1234651"}, {"fields": {"createdAt": "2014-02-24", "name": "Dania", "userStatus": "User"}, "model": "eusay.user", "pk": "s1234652"}, {"fields": {"createdAt": "2014-02-24", "name": "Carli", "userStatus": "User"}, "model": "eusay.user", "pk": "s1234653"}, {"fields": {"createdAt": "2014-02-24", "name": "Michelina", "userStatus": "User"}, "model": "eusay.user", "pk": "s1234654"}, {"fields": {"createdAt": "2014-02-24", "name": "Asha", "userStatus": "User"}, "model": "eusay.user", "pk": "s1234655"}, {"fields": {"createdAt": "2014-02-24", "name": "Georgette", "userStatus": "User"}, "model": "eusay.user", "pk": "s1234656"}, {"fields": {"createdAt": "2014-02-24", "name": "Thad", "userStatus": "User"}, "model": "eusay.user", "pk": "s1234657"}, {"fields": {"createdAt": "2014-02-24", "name": "Raymonde", "userStatus": "User"}, "model": "eusay.user", "pk": "s1234658"}, {"fields": {"createdAt": "2014-02-24", "name": "Kaley", "userStatus": "User"}, "model": "eusay.user", "pk": "s1234659"}, {"fields": {"createdAt": "2014-02-24", "name": "Raymonde", "userStatus": "User"}, "model": "eusay.user", "pk": "s1234660"}, {"fields": {"createdAt": "2014-02-24", "name": "Wilburn", "userStatus": "User"}, "model": "eusay.user", "pk": "s1234661"}, {"fields": {"createdAt": "2014-02-24", "name": "Kaley", "userStatus": "User"}, "model": "eusay.user", "pk": "s1234662"}, {"fields": {"createdAt": "2014-02-24", "name": "Meta", "userStatus": "User"}, "model": "eusay.user", "pk": "s1234663"}, {"fields": {"createdAt": "2014-02-24", "name": "Taren", "userStatus": "User"}, "model": "eusay.user", "pk": "s1234664"}, {"fields": {"createdAt": "2014-02-24", "name": "Tashina", "userStatus": "User"}, "model": "eusay.user", "pk": "s1234665"}, {"fields": {"createdAt": "2014-02-24", "name": "Georgette", "userStatus": "User"}, "model": "eusay.user", "pk": "s1234666"}, {"fields": {"createdAt": "2014-02-24", "name": "Isaac", "userStatus": "User"}, "model": "eusay.user", "pk": "s1234667"}, {"fields": {"createdAt": "2014-02-24", "name": "Rosemary", "userStatus": "User"}, "model": "eusay.user", "pk": "s1234668"}, {"fields": {"createdAt": "2014-02-24", "name": "Thad", "userStatus": "User"}, "model": "eusay.user", "pk": "s1234669"}, {"fields": {"createdAt": "2014-02-24", "name": "Isaac", "userStatus": "User"}, "model": "eusay.user", "pk": "s1234670"}, {"fields": {"createdAt": "2014-02-24", "name": "Meta", "userStatus": "User"}, "model": "eusay.user", "pk": "s1234671"}, {"fields": {"createdAt": "2014-02-24", "name": "Meta", "userStatus": "User"}, "model": "eusay.user", "pk": "s1234672"}, {"fields": {"createdAt": "2014-02-24", "name": "Rosemary", "userStatus": "User"}, "model": "eusay.user", "pk": "s1234673"}, {"fields": {"createdAt": "2014-02-24", "name": "Christoper", "userStatus": "User"}, "model": "eusay.user", "pk": "s1234674"}, {"fields": {"createdAt": "2014-02-24", "name": "Alison", "userStatus": "User"}, "model": "eusay.user", "pk": "s1234675"}, {"fields": {"createdAt": "2014-02-24", "name": "Wilburn", "userStatus": "User"}, "model": "eusay.user", "pk": "s1234676"}, {"fields": {"createdAt": "2014-02-24", "name": "Katy", "userStatus": "User"}, "model": "eusay.user", "pk": "s1234677"}, {"fields": {"createdAt": "2014-02-24", "name": "Wendell", "userStatus": "User"}, "model": "eusay.user", "pk": "s1234678"}, {"fields": {"createdAt": "2014-02-24", "name": "Jacqui", "userStatus": "User"}, "model": "eusay.user", "pk": "s1234679"}, {"fields": {"createdAt": "2014-02-24", "name": "Asha", "userStatus": "User"}, "model": "eusay.user", "pk": "s1234680"}, {"fields": {"createdAt": "2014-02-24", "name": "Carli", "userStatus": "User"}, "model": "eusay.user", "pk": "s1234681"}, {"fields": {"createdAt": "2014-02-24", "name": "Kristi", "userStatus": "User"}, "model": "eusay.user", "pk": "s1234682"}, {"fields": {"createdAt": "2014-02-24", "name": "Lorena", "userStatus": "User"}, "model": "eusay.user", "pk": "s1234683"}, {"fields": {"createdAt": "2014-02-24", "name": "Jacqui", "userStatus": "User"}, "model": "eusay.user", "pk": "s1234684"}, {"fields": {"createdAt": "2014-02-25", "name": "Rubie", "userStatus": "User"}, "model": "eusay.user", "pk": "s1234685"}, {"fields": {"createdAt": "2014-02-25", "name": "Meta", "userStatus": "User"}, "model": "eusay.user", "pk": "s1234686"}, {"fields": {"createdAt": "2014-02-26", "name": "Taren", "userStatus": "User"}, "model": "eusay.user", "pk": "s1234687"}, {"fields": {"createdAt": "2014-02-26", "name": "Kaley", "userStatus": "User"}, "model": "eusay.user", "pk": "s1234688"}, {"fields": {"createdAt": "2014-02-26", "name": "Kristi", "userStatus": "User"}, "model": "eusay.user", "pk": "s1234689"}, {"fields": {"createdAt": "2014-02-27", "name": "Yevette", "userStatus": "User"}, "model": "eusay.user", "pk": "s1234690"}, {"fields": {"createdAt": "2014-02-27", "name": "Wilburn", "userStatus": "User"}, "model": "eusay.user", "pk": "s1234691"}, {"fields": {"createdAt": "2014-02-27", "name": "Shelba", "userStatus": "User"}, "model": "eusay.user", "pk": "s1234692"}, {"fields": {"createdAt": "2014-02-27", "name": "Wilburn", "userStatus": "User"}, "model": "eusay.user", "pk": "s1234693"}, {"fields": {"createdAt": "2014-02-27", "name": "Adriene", "userStatus": "User"}, "model": "eusay.user", "pk": "s1234694"}, {"fields": {"createdAt": "2014-02-27", "name": "Rosemary", "userStatus": "User"}, "model": "eusay.user", "pk": "s1234695"}, {"fields": {"createdAt": "2014-02-28", "name": "Cherise", "userStatus": "User"}, "model": "eusay.user", "pk": "s1234696"}, {"fields": {"createdAt": "2014-03-02", "name": "Kaley", "userStatus": "User"}, "model": "eusay.user", "pk": "s1234697"}, {"fields": {"createdAt": "2014-03-02", "name": "Yevette", "userStatus": "User"}, "model": "eusay.user", "pk": "s1234698"}, {"fields": {"createdAt": "2014-03-02", "name": "Meta", "userStatus": "User"}, "model": "eusay.user", "pk": "s1234699"}, {"fields": {"createdAt": "2014-03-02", "name": "Denyse", "userStatus": "User"}, "model": "eusay.user", "pk": "s1234700"}, {"fields": {"createdAt": "2014-03-02", "name": "Shelba", "userStatus": "User"}, "model": "eusay.user", "pk": "s1234701"}, {"fields": {"name": "Scotland", "description": "Relating to Scotland"}, "model": "eusay.tag", "pk": "1"}]
