[{"pk": 1, "fields": {"user": "s1234567", "lastModified": "2014-02-21T13:35:23.491", "text": "Scotland should be more #yolo!!!!", "createdAt": "2014-02-21T13:35:23.491", "replyTo": null, "proposal": 1}, "model": "eusay.comment"}, {"pk": 2, "fields": {"user": "s1234567", "lastModified": "2014-07-22T18:59:55.916", "text": "I hate tartan", "createdAt": "2014-02-21T13:35:45.407", "replyTo": null, "proposal": 1}, "model": "eusay.comment"}, {"pk": 3, "fields": {"user": "s1234567", "lastModified": "2014-07-22T18:59:56.034", "text": "John, get the heck outta here", "createdAt": "2014-02-21T13:35:58.425", "replyTo": null, "proposal": 1}, "model": "eusay.comment"}, {"pk": 4, "fields": {"user": "s1234580", "lastModified": "2014-02-21T13:51:00.827", "text": "I agree!!", "createdAt": "2014-02-21T13:51:00.827", "replyTo": null, "proposal": 2}, "model": "eusay.comment"}, {"pk": 5, "fields": {"user": "s1234581", "lastModified": "2014-02-21T13:51:13.614", "text": "This can only go badly", "createdAt": "2014-02-21T13:51:13.614", "replyTo": null, "proposal": 2}, "model": "eusay.comment"}, {"pk": 6, "fields": {"user": "s1234582", "lastModified": "2014-02-21T13:51:37.021", "text": "What about the people who don't like pizza?", "createdAt": "2014-02-21T13:51:37.021", "replyTo": null, "proposal": 2}, "model": "eusay.comment"}, {"pk": 7, "fields": {"user": "s1234586", "lastModified": "2014-02-21T13:52:20.433", "text": "I hate fossil fuels!!", "createdAt": "2014-02-21T13:52:20.433", "replyTo": null, "proposal": 3}, "model": "eusay.comment"}, {"pk": 8, "fields": {"user": "s1234587", "lastModified": "2014-02-21T13:53:10.695", "text": "I agree, but you didn't consider that fossil fuels mean cool stuff like monster trucks", "createdAt": "2014-02-21T13:53:10.695", "replyTo": null, "proposal": 3}, "model": "eusay.comment"}, {"pk": 9, "fields": {"user": "s1234572", "lastModified": "2014-02-21T14:03:16.144", "text": "So do I!", "createdAt": "2014-02-21T14:03:16.144", "replyTo": null, "proposal": 1}, "model": "eusay.comment"}, {"pk": 10, "fields": {"user": "s1234607", "lastModified": "2014-02-22T00:17:29.600", "text": "So do I Wendell. We should certainly divest!", "createdAt": "2014-02-22T00:17:29.600", "replyTo": null, "proposal": 3}, "model": "eusay.comment"}, {"pk": 11, "fields": {"user": "s1234607", "lastModified": "2014-07-22T18:59:56.052", "text": "An excellent point Isaac!", "createdAt": "2014-02-22T00:18:00.610", "replyTo": null, "proposal": 3}, "model": "eusay.comment"}, {"pk": 12, "fields": {"user": "s1234626", "lastModified": "2014-02-22T18:43:48.543", "text": "What about the Chancellor?", "createdAt": "2014-02-22T18:43:48.543", "replyTo": null, "proposal": 6}, "model": "eusay.comment"}, {"pk": 13, "fields": {"user": "s1234626", "lastModified": "2014-07-22T18:59:56.056", "text": "There are no such people", "createdAt": "2014-02-22T18:44:48.964", "replyTo": null, "proposal": 2}, "model": "eusay.comment"}, {"pk": 16, "fields": {"user": "s1234632", "lastModified": "2014-02-23T16:47:20.416", "text": "http://gofossilfree.org/", "createdAt": "2014-02-23T16:47:20.416", "replyTo": null, "proposal": 3}, "model": "eusay.comment"}, {"pk": 17, "fields": {"user": "s1234567", "lastModified": "2014-07-22T18:59:56.060", "text": "A reply!", "createdAt": "2014-02-23T17:47:20.416", "replyTo": 1, "proposal": 1}, "model": "eusay.comment"}, {"pk": 1, "fields": {"isVoteUp": true, "user": "s1234567", "createdAt": "2014-02-21T13:34:53.638"}, "model": "eusay.vote"}, {"pk": 2, "fields": {"isVoteUp": true, "user": "s1234572", "createdAt": "2014-02-21T13:34:59.927"}, "model": "eusay.vote"}, {"pk": 3, "fields": {"isVoteUp": false, "user": "s1234572", "createdAt": "2014-02-21T13:35:04.753"}, "model": "eusay.vote"}, {"pk": 4, "fields": {"isVoteUp": true, "user": "s1234576", "createdAt": "2014-02-21T13:35:07.181"}, "model": "eusay.vote"}, {"pk": 5, "fields": {"isVoteUp": false, "user": "s1234577", "createdAt": "2014-02-21T13:35:09.733"}, "model": "eusay.vote"}, {"pk": 6, "fields": {"isVoteUp": true, "user": "s1234578", "createdAt": "2014-02-21T13:35:12.628"}, "model": "eusay.vote"}, {"pk": 7, "fields": {"isVoteUp": true, "user": "s1234580", "createdAt": "2014-02-21T13:49:44.790"}, "model": "eusay.vote"}, {"pk": 8, "fields": {"isVoteUp": true, "user": "s1234582", "createdAt": "2014-02-21T13:51:41.732"}, "model": "eusay.vote"}, {"pk": 9, "fields": {"isVoteUp": true, "user": "s1234583", "createdAt": "2014-02-21T13:51:44.293"}, "model": "eusay.vote"}, {"pk": 10, "fields": {"isVoteUp": true, "user": "s1234584", "createdAt": "2014-02-21T13:51:46.560"}, "model": "eusay.vote"}, {"pk": 11, "fields": {"isVoteUp": false, "user": "s1234585", "createdAt": "2014-02-21T13:51:49.285"}, "model": "eusay.vote"}, {"pk": 12, "fields": {"isVoteUp": true, "user": "s1234587", "createdAt": "2014-02-21T13:53:19.855"}, "model": "eusay.vote"}, {"pk": 13, "fields": {"isVoteUp": false, "user": "s1234588", "createdAt": "2014-02-21T13:53:22.656"}, "model": "eusay.vote"}, {"pk": 14, "fields": {"isVoteUp": true, "user": "s1234589", "createdAt": "2014-02-21T13:54:12.390"}, "model": "eusay.vote"}, {"pk": 15, "fields": {"isVoteUp": true, "user": "s1234567", "createdAt": "2014-02-21T13:54:14.688"}, "model": "eusay.vote"}, {"pk": 16, "fields": {"isVoteUp": true, "user": "s1234567", "createdAt": "2014-02-21T13:54:17.391"}, "model": "eusay.vote"}, {"pk": 17, "fields": {"isVoteUp": false, "user": "s1234567", "createdAt": "2014-02-21T13:54:24.579"}, "model": "eusay.vote"}, {"pk": 18, "fields": {"isVoteUp": true, "user": "s1234593", "createdAt": "2014-02-21T13:54:28.343"}, "model": "eusay.vote"}, {"pk": 19, "fields": {"isVoteUp": false, "user": "s1234593", "createdAt": "2014-02-21T13:54:29.178"}, "model": "eusay.vote"}, {"pk": 20, "fields": {"isVoteUp": true, "user": "s1234578", "createdAt": "2014-02-21T13:57:14.483"}, "model": "eusay.vote"}, {"pk": 23, "fields": {"isVoteUp": true, "user": "s1234572", "createdAt": "2014-02-21T14:04:09.698"}, "model": "eusay.vote"}, {"pk": 24, "fields": {"isVoteUp": false, "user": "s1234597", "createdAt": "2014-02-21T14:04:22.490"}, "model": "eusay.vote"}, {"pk": 25, "fields": {"isVoteUp": false, "user": "s1234597", "createdAt": "2014-02-21T14:04:23.552"}, "model": "eusay.vote"}, {"pk": 26, "fields": {"isVoteUp": true, "user": "s1234576", "createdAt": "2014-02-21T14:14:25.313"}, "model": "eusay.vote"}, {"pk": 27, "fields": {"isVoteUp": true, "user": "s1234586", "createdAt": "2014-02-21T14:16:07.974"}, "model": "eusay.vote"}, {"pk": 29, "fields": {"isVoteUp": true, "user": "s1234586", "createdAt": "2014-02-21T14:17:07.281"}, "model": "eusay.vote"}, {"pk": 30, "fields": {"isVoteUp": false, "user": "s1234586", "createdAt": "2014-02-21T14:17:09.586"}, "model": "eusay.vote"}, {"pk": 31, "fields": {"isVoteUp": false, "user": "s1234586", "createdAt": "2014-02-21T14:18:45.951"}, "model": "eusay.vote"}, {"pk": 32, "fields": {"isVoteUp": true, "user": "s1234578", "createdAt": "2014-02-21T14:28:03.530"}, "model": "eusay.vote"}, {"pk": 33, "fields": {"isVoteUp": false, "user": "s1234601", "createdAt": "2014-02-21T14:28:06.328"}, "model": "eusay.vote"}, {"pk": 34, "fields": {"isVoteUp": true, "user": "s1234584", "createdAt": "2014-02-21T14:38:37.093"}, "model": "eusay.vote"}, {"pk": 35, "fields": {"isVoteUp": false, "user": "s1234584", "createdAt": "2014-02-21T14:38:43.317"}, "model": "eusay.vote"}, {"pk": 36, "fields": {"isVoteUp": true, "user": "s1234584", "createdAt": "2014-02-21T14:39:45.459"}, "model": "eusay.vote"}, {"pk": 37, "fields": {"isVoteUp": true, "user": "s1234603", "createdAt": "2014-02-21T19:35:57.892"}, "model": "eusay.vote"}, {"pk": 38, "fields": {"isVoteUp": true, "user": "s1234603", "createdAt": "2014-02-21T19:35:58.924"}, "model": "eusay.vote"}, {"pk": 39, "fields": {"isVoteUp": false, "user": "s1234603", "createdAt": "2014-02-21T19:35:59.838"}, "model": "eusay.vote"}, {"pk": 43, "fields": {"isVoteUp": true, "user": "s1234597", "createdAt": "2014-02-21T21:43:43.533"}, "model": "eusay.vote"}, {"pk": 44, "fields": {"isVoteUp": false, "user": "s1234567", "createdAt": "2014-02-21T22:05:24.736"}, "model": "eusay.vote"}, {"pk": 45, "fields": {"isVoteUp": true, "user": "s1234567", "createdAt": "2014-02-21T22:05:30.518"}, "model": "eusay.vote"}, {"pk": 46, "fields": {"isVoteUp": false, "user": "s1234567", "createdAt": "2014-02-21T22:05:33.548"}, "model": "eusay.vote"}, {"pk": 47, "fields": {"isVoteUp": true, "user": "s1234604", "createdAt": "2014-02-21T22:05:46.501"}, "model": "eusay.vote"}, {"pk": 48, "fields": {"isVoteUp": true, "user": "s1234605", "createdAt": "2014-02-21T22:05:54.328"}, "model": "eusay.vote"}, {"pk": 50, "fields": {"isVoteUp": true, "user": "s1234597", "createdAt": "2014-02-21T22:30:12.471"}, "model": "eusay.vote"}, {"pk": 51, "fields": {"isVoteUp": false, "user": "s1234597", "createdAt": "2014-02-21T22:30:14.327"}, "model": "eusay.vote"}, {"pk": 52, "fields": {"isVoteUp": false, "user": "s1234597", "createdAt": "2014-02-21T22:30:28.737"}, "model": "eusay.vote"}, {"pk": 53, "fields": {"isVoteUp": true, "user": "s1234597", "createdAt": "2014-02-21T22:30:31.331"}, "model": "eusay.vote"}, {"pk": 55, "fields": {"isVoteUp": true, "user": "s1234607", "createdAt": "2014-02-22T00:17:48.258"}, "model": "eusay.vote"}, {"pk": 57, "fields": {"isVoteUp": true, "user": "s1234607", "createdAt": "2014-02-22T00:18:13.380"}, "model": "eusay.vote"}, {"pk": 60, "fields": {"isVoteUp": true, "user": "s1234607", "createdAt": "2014-02-22T00:24:30.685"}, "model": "eusay.vote"}, {"pk": 61, "fields": {"isVoteUp": true, "user": "s1234608", "createdAt": "2014-02-22T15:22:15.884"}, "model": "eusay.vote"}, {"pk": 62, "fields": {"isVoteUp": false, "user": "s1234608", "createdAt": "2014-02-22T15:22:16.982"}, "model": "eusay.vote"}, {"pk": 63, "fields": {"isVoteUp": true, "user": "s1234588", "createdAt": "2014-02-22T18:11:25.253"}, "model": "eusay.vote"}, {"pk": 64, "fields": {"isVoteUp": true, "user": "s1234588", "createdAt": "2014-02-22T18:11:40.926"}, "model": "eusay.vote"}, {"pk": 65, "fields": {"isVoteUp": true, "user": "s1234588", "createdAt": "2014-02-22T18:11:43.510"}, "model": "eusay.vote"}, {"pk": 66, "fields": {"isVoteUp": true, "user": "s1234626", "createdAt": "2014-02-22T18:35:41.901"}, "model": "eusay.vote"}, {"pk": 68, "fields": {"isVoteUp": true, "user": "s1234626", "createdAt": "2014-02-22T18:43:54.182"}, "model": "eusay.vote"}, {"pk": 69, "fields": {"isVoteUp": false, "user": "s1234626", "createdAt": "2014-02-22T18:44:30.783"}, "model": "eusay.vote"}, {"pk": 70, "fields": {"isVoteUp": true, "user": "s1234626", "createdAt": "2014-02-22T18:44:59.051"}, "model": "eusay.vote"}, {"pk": 71, "fields": {"isVoteUp": false, "user": "s1234626", "createdAt": "2014-02-22T18:46:59.669"}, "model": "eusay.vote"}, {"pk": 72, "fields": {"isVoteUp": false, "user": "s1234626", "createdAt": "2014-02-22T18:47:00.964"}, "model": "eusay.vote"}, {"pk": 73, "fields": {"isVoteUp": true, "user": "s1234626", "createdAt": "2014-02-22T18:47:15.792"}, "model": "eusay.vote"}, {"pk": 74, "fields": {"isVoteUp": false, "user": "s1234607", "createdAt": "2014-02-22T19:53:39.544"}, "model": "eusay.vote"}, {"pk": 76, "fields": {"isVoteUp": false, "user": "s1234603", "createdAt": "2014-02-22T21:22:27.252"}, "model": "eusay.vote"}, {"pk": 77, "fields": {"isVoteUp": true, "user": "s1234603", "createdAt": "2014-02-22T21:22:28.344"}, "model": "eusay.vote"}, {"pk": 78, "fields": {"isVoteUp": false, "user": "s1234607", "createdAt": "2014-02-23T16:22:03.859"}, "model": "eusay.vote"}, {"pk": 80, "fields": {"isVoteUp": true, "user": "s1234607", "createdAt": "2014-02-23T16:22:22.220"}, "model": "eusay.vote"}, {"pk": 81, "fields": {"isVoteUp": true, "user": "s1234607", "createdAt": "2014-02-23T16:39:40.051"}, "model": "eusay.vote"}, {"pk": 82, "fields": {"isVoteUp": true, "user": "s1234607", "createdAt": "2014-02-23T16:45:15.344"}, "model": "eusay.vote"}, {"pk": 83, "fields": {"isVoteUp": true, "user": "s1234607", "createdAt": "2014-02-23T16:46:01.911"}, "model": "eusay.vote"}, {"pk": 84, "fields": {"isVoteUp": true, "user": "s1234632", "createdAt": "2014-02-23T16:46:26.811"}, "model": "eusay.vote"}, {"pk": 85, "fields": {"isVoteUp": true, "user": "s1234632", "createdAt": "2014-02-23T16:46:31.337"}, "model": "eusay.vote"}, {"pk": 86, "fields": {"isVoteUp": true, "user": "s1234632", "createdAt": "2014-02-23T16:47:30.449"}, "model": "eusay.vote"}, {"pk": 87, "fields": {"isVoteUp": true, "user": "s1234632", "createdAt": "2014-02-23T17:05:28.106"}, "model": "eusay.vote"}, {"pk": 88, "fields": {"isVoteUp": true, "user": "s1234632", "createdAt": "2014-02-23T17:08:18.880"}, "model": "eusay.vote"}, {"pk": 89, "fields": {"isVoteUp": true, "user": "s1234597", "createdAt": "2014-02-23T19:35:02.531"}, "model": "eusay.vote"}, {"pk": 90, "fields": {"isVoteUp": true, "user": "s1234597", "createdAt": "2014-02-23T19:35:09.348"}, "model": "eusay.vote"}, {"pk": 91, "fields": {"isVoteUp": false, "user": "s1234593", "createdAt": "2014-02-23T23:02:19.323"}, "model": "eusay.vote"}, {"pk": 92, "fields": {"isVoteUp": false, "user": "s1234636", "createdAt": "2014-02-23T23:02:36.406"}, "model": "eusay.vote"}, {"pk": 93, "fields": {"isVoteUp": false, "user": "s1234578", "createdAt": "2014-02-23T23:02:39.134"}, "model": "eusay.vote"}, {"pk": 94, "fields": {"isVoteUp": false, "user": "s1234638", "createdAt": "2014-02-23T23:02:42.101"}, "model": "eusay.vote"}, {"pk": 95, "fields": {"isVoteUp": false, "user": "s1234603", "createdAt": "2014-02-23T23:02:44.884"}, "model": "eusay.vote"}, {"pk": 96, "fields": {"isVoteUp": false, "user": "s1234640", "createdAt": "2014-02-23T23:02:56.539"}, "model": "eusay.vote"}, {"pk": 97, "fields": {"isVoteUp": true, "user": "s1234642", "createdAt": "2014-02-23T23:06:31.186"}, "model": "eusay.vote"}, {"pk": 98, "fields": {"isVoteUp": false, "user": "s1234642", "createdAt": "2014-02-23T23:06:35.679"}, "model": "eusay.vote"}, {"pk": 99, "fields": {"isVoteUp": false, "user": "s1234632", "createdAt": "2014-02-23T23:49:22.704"}, "model": "eusay.vote"}, {"pk": 100, "fields": {"isVoteUp": true, "user": "s1234632", "createdAt": "2014-02-23T23:49:34.744"}, "model": "eusay.vote"}, {"pk": 101, "fields": {"isVoteUp": false, "user": "s1234632", "createdAt": "2014-02-23T23:49:37.959"}, "model": "eusay.vote"}, {"pk": 102, "fields": {"isVoteUp": true, "user": "s1234677", "createdAt": "2014-02-24T09:08:20.636"}, "model": "eusay.vote"}, {"pk": 103, "fields": {"isVoteUp": true, "user": "s1234677", "createdAt": "2014-02-24T09:08:29.846"}, "model": "eusay.vote"}, {"pk": 105, "fields": {"isVoteUp": true, "user": "s1234584", "createdAt": "2014-02-24T09:27:08.263"}, "model": "eusay.vote"}, {"pk": 107, "fields": {"isVoteUp": false, "user": "s1234582", "createdAt": "2014-02-24T16:17:10.569"}, "model": "eusay.vote"}, {"pk": 108, "fields": {"isVoteUp": false, "user": "s1234582", "createdAt": "2014-02-24T16:17:12.895"}, "model": "eusay.vote"}, {"pk": 109, "fields": {"isVoteUp": true, "user": "s1234582", "createdAt": "2014-02-24T16:17:16.461"}, "model": "eusay.vote"}, {"pk": 110, "fields": {"isVoteUp": true, "user": "s1234582", "createdAt": "2014-02-24T16:17:21.859"}, "model": "eusay.vote"}, {"pk": 111, "fields": {"isVoteUp": false, "user": "s1234582", "createdAt": "2014-02-24T16:17:26.425"}, "model": "eusay.vote"}, {"pk": 112, "fields": {"isVoteUp": false, "user": "s1234632", "createdAt": "2014-02-25T00:55:48.760"}, "model": "eusay.vote"}, {"pk": 113, "fields": {"isVoteUp": true, "user": "s1234584", "createdAt": "2014-02-25T20:15:13.408"}, "model": "eusay.vote"}, {"pk": 115, "fields": {"isVoteUp": true, "user": "s1234581", "createdAt": "2014-02-25T20:26:32.190"}, "model": "eusay.vote"}, {"pk": 116, "fields": {"isVoteUp": false, "user": "s1234581", "createdAt": "2014-02-25T20:26:33.118"}, "model": "eusay.vote"}, {"pk": 117, "fields": {"isVoteUp": true, "user": "s1234581", "createdAt": "2014-02-25T20:26:37.532"}, "model": "eusay.vote"}, {"pk": 118, "fields": {"isVoteUp": true, "user": "s1234687", "createdAt": "2014-02-26T13:09:41.687"}, "model": "eusay.vote"}, {"pk": 119, "fields": {"isVoteUp": true, "user": "s1234636", "createdAt": "2014-02-27T21:30:24.395"}, "model": "eusay.vote"}, {"pk": 120, "fields": {"isVoteUp": true, "user": "s1234699", "createdAt": "2014-03-02T15:37:28.429"}, "model": "eusay.vote"}, {"pk": 121, "fields": {"isVoteUp": true, "user": "s1234699", "createdAt": "2014-03-02T15:37:30.717"}, "model": "eusay.vote"}, {"pk": 122, "fields": {"isVoteUp": true, "user": "s1234699", "createdAt": "2014-03-02T15:37:35.794"}, "model": "eusay.vote"}, {"pk": 123, "fields": {"isVoteUp": false, "user": "s1234699", "createdAt": "2014-03-02T15:37:50.017"}, "model": "eusay.vote"}, {"pk": 1, "fields": {"description": "Relating to Scotland", "name": "Scotland"}, "model": "eusay.tag"}, {"pk": 1, "fields": {"proposer": "s1234567", "lastModified": "2014-07-22T20:18:49.797", "text": " Lorem ipsum dolor sit amet, consectetur adipiscing elit. Morbi aliquet molestie ornare. Nam auctor eget ligula ac facilisis. In hac habitasse platea dictumst. Aliquam porta, enim nec ultrices sagittis, ipsum ipsum semper tortor, sit amet dignissim felis lorem vel nibh. Aenean pellentesque magna ante, et lacinia lectus gravida sit amet. Mauris vel odio nec elit suscipit tristique non vitae lectus. Ut aliquet hendrerit purus a eleifend. ", "createdAt": "2014-02-21T00:00:00", "tags": [], "title": "EUSA should support Scottish independence", "slug": "eusa-should-support-scottish-independence"}, "model": "eusay.proposal"}, {"pk": 2, "fields": {"proposer": "s1234567", "lastModified": "2014-07-22T20:18:54.661", "text": "Lorem ipsum dolor sit amet, consectetur adipiscing elit. Duis eget faucibus eros. Ut egestas nisi in massa luctus, sed vestibulum diam tincidunt. Fusce libero mauris, viverra id risus et, lobortis faucibus dui. Etiam scelerisque massa leo, a sollicitudin dui semper viverra. Donec interdum tempus est vel interdum. Curabitur ac placerat metus, id rutrum lacus. Vestibulum ut lorem rutrum, consectetur lorem a, egestas turpis. Fusce pharetra ullamcorper ante, et consectetur nisl cursus et. Maecenas suscipit imperdiet leo blandit facilisis. Vestibulum tortor turpis, ultrices sit amet vulputate ac, auctor vitae nisi. Morbi eget justo dui. ", "createdAt": "2014-02-21T00:00:00", "tags": [], "title": "Free pizza for all students", "slug": "free-pizza-for-all-students"}, "model": "eusay.proposal"}, {"pk": 3, "fields": {"proposer": "s1234567", "lastModified": "2014-07-22T20:19:00.420", "text": "Morbi porta eget arcu quis vulputate. In nisi est, suscipit vitae accumsan id, faucibus id sapien. Ut convallis mi iaculis nisl luctus, in ullamcorper felis scelerisque. Phasellus auctor elit eget elit consequat, quis egestas magna porta. Nullam cursus, magna ac tristique volutpat, eros odio mattis enim, id gravida lectus sapien eget orci. Quisque sagittis nulla ut nunc facilisis varius. Aliquam suscipit pulvinar venenatis. Duis consectetur lorem eget nisi porta euismod. Donec elementum tempor eros, vel suscipit nulla tempor vel. Ut sit amet tincidunt erat. Curabitur congue massa vel est pulvinar varius. Donec id nibh nisl. Nunc tincidunt imperdiet eleifend. Pellentesque sollicitudin enim a urna vestibulum placerat. Phasellus pretium nulla risus, quis varius diam euismod et. ", "createdAt": "2014-02-21T00:00:00", "tags": [], "title": "Support the divestment campaign", "slug": "support-the-divestment-campaign"}, "model": "eusay.proposal"}, {"pk": 4, "fields": {"proposer": "s1234567", "lastModified": "2014-07-22T20:19:07.621", "text": "Lorem ipsum dolor sit amet, consectetur adipiscing elit. Duis eget faucibus eros. Ut egestas nisi in massa luctus, sed vestibulum diam tincidunt. Fusce libero mauris, viverra id risus et, lobortis faucibus dui. Etiam scelerisque massa leo, a sollicitudin dui semper viverra. Donec interdum tempus est vel interdum. Curabitur ac placerat metus, id rutrum lacus. Vestibulum ut lorem rutrum, consectetur lorem a, egestas turpis. Fusce pharetra ullamcorper ante, et consectetur nisl cursus et. Maecenas suscipit imperdiet leo blandit facilisis. Vestibulum tortor turpis, ultrices sit amet vulputate ac, auctor vitae nisi. Morbi eget justo dui. ", "createdAt": "2014-02-21T00:00:00", "tags": [], "title": "More hackathons", "slug": "more-hackathons"}, "model": "eusay.proposal"}, {"pk": 6, "fields": {"proposer": "s1234626", "lastModified": "2014-07-22T20:18:44.543", "text": "EUSA shall book Cascada and Venga Boys alternating on weekends throughout the whole year. Additional costs shall be paid by the University's principal. In return, the principal is granted compulsory free entry till 11pm and drink vouchers worth \u00a337.85.", "createdAt": "2014-02-22T00:00:00", "tags": [], "title": "Cascada and Venga Boys at Potterow all year.", "slug": "cascada-and-venga-boys-at-potterow-all-year"}, "model": "eusay.proposal"}, {"pk": 7, "fields": {"proposer": "s1234626", "lastModified": "2014-07-22T20:18:45.357", "text": "Substitute all EUSA shop items with their Weight Watchers pendants. ", "createdAt": "2014-02-22T00:00:00", "tags": [], "title": "Only Weight Watchers products in EUSA shops.", "slug": "only-weight-watchers-products-in-eusa-shops"}, "model": "eusay.proposal"}, {"pk": 8, "fields": {"proposer": "s1234687", "lastModified": "2014-07-22T20:18:46.716", "text": "Lorem ipsum dolor sit amet, consectetur adipiscing elit. Duis eget faucibus eros. Ut egestas nisi in massa luctus, sed vestibulum diam tincidunt. Fusce libero mauris, viverra id risus et, lobortis faucibus dui. Etiam scelerisque massa leo, a sollicitudin dui semper viverra. Donec interdum tempus est vel interdum. Curabitur ac placerat metus, id rutrum lacus. Vestibulum ut lorem rutrum, consectetur lorem a, egestas turpis. Fusce pharetra ullamcorper ante, et consectetur nisl cursus et. Maecenas suscipit imperdiet leo blandit facilisis. Vestibulum tortor turpis, ultrices sit amet vulputate ac, auctor vitae nisi. Morbi eget justo dui. ", "createdAt": "2014-02-26T00:00:00", "tags": [], "title": "EUSA should make something cool with the help of students", "slug": "eusa-should-make-something-cool-with-the-help-of-s"}, "model": "eusay.proposal"}, {"pk": 1, "fields": {"proposal": 1}, "model": "eusay.proposalvote"}, {"pk": 2, "fields": {"proposal": 1}, "model": "eusay.proposalvote"}, {"pk": 3, "fields": {"proposal": 1}, "model": "eusay.proposalvote"}, {"pk": 4, "fields": {"proposal": 1}, "model": "eusay.proposalvote"}, {"pk": 5, "fields": {"proposal": 1}, "model": "eusay.proposalvote"}, {"pk": 6, "fields": {"proposal": 1}, "model": "eusay.proposalvote"}, {"pk": 7, "fields": {"proposal": 1}, "model": "eusay.proposalvote"}, {"pk": 8, "fields": {"proposal": 2}, "model": "eusay.proposalvote"}, {"pk": 9, "fields": {"proposal": 2}, "model": "eusay.proposalvote"}, {"pk": 10, "fields": {"proposal": 2}, "model": "eusay.proposalvote"}, {"pk": 11, "fields": {"proposal": 2}, "model": "eusay.proposalvote"}, {"pk": 12, "fields": {"proposal": 3}, "model": "eusay.proposalvote"}, {"pk": 13, "fields": {"proposal": 3}, "model": "eusay.proposalvote"}, {"pk": 14, "fields": {"proposal": 3}, "model": "eusay.proposalvote"}, {"pk": 15, "fields": {"proposal": 3}, "model": "eusay.proposalvote"}, {"pk": 16, "fields": {"proposal": 3}, "model": "eusay.proposalvote"}, {"pk": 17, "fields": {"proposal": 1}, "model": "eusay.proposalvote"}, {"pk": 18, "fields": {"proposal": 2}, "model": "eusay.proposalvote"}, {"pk": 19, "fields": {"proposal": 1}, "model": "eusay.proposalvote"}, {"pk": 20, "fields": {"proposal": 2}, "model": "eusay.proposalvote"}, {"pk": 26, "fields": {"proposal": 1}, "model": "eusay.proposalvote"}, {"pk": 27, "fields": {"proposal": 1}, "model": "eusay.proposalvote"}, {"pk": 31, "fields": {"proposal": 2}, "model": "eusay.proposalvote"}, {"pk": 32, "fields": {"proposal": 4}, "model": "eusay.proposalvote"}, {"pk": 33, "fields": {"proposal": 4}, "model": "eusay.proposalvote"}, {"pk": 35, "fields": {"proposal": 1}, "model": "eusay.proposalvote"}, {"pk": 37, "fields": {"proposal": 1}, "model": "eusay.proposalvote"}, {"pk": 38, "fields": {"proposal": 2}, "model": "eusay.proposalvote"}, {"pk": 39, "fields": {"proposal": 3}, "model": "eusay.proposalvote"}, {"pk": 43, "fields": {"proposal": 1}, "model": "eusay.proposalvote"}, {"pk": 44, "fields": {"proposal": 2}, "model": "eusay.proposalvote"}, {"pk": 45, "fields": {"proposal": 3}, "model": "eusay.proposalvote"}, {"pk": 46, "fields": {"proposal": 4}, "model": "eusay.proposalvote"}, {"pk": 47, "fields": {"proposal": 1}, "model": "eusay.proposalvote"}, {"pk": 48, "fields": {"proposal": 1}, "model": "eusay.proposalvote"}, {"pk": 50, "fields": {"proposal": 2}, "model": "eusay.proposalvote"}, {"pk": 51, "fields": {"proposal": 3}, "model": "eusay.proposalvote"}, {"pk": 53, "fields": {"proposal": 4}, "model": "eusay.proposalvote"}, {"pk": 60, "fields": {"proposal": 1}, "model": "eusay.proposalvote"}, {"pk": 61, "fields": {"proposal": 1}, "model": "eusay.proposalvote"}, {"pk": 62, "fields": {"proposal": 2}, "model": "eusay.proposalvote"}, {"pk": 63, "fields": {"proposal": 2}, "model": "eusay.proposalvote"}, {"pk": 64, "fields": {"proposal": 4}, "model": "eusay.proposalvote"}, {"pk": 65, "fields": {"proposal": 1}, "model": "eusay.proposalvote"}, {"pk": 66, "fields": {"proposal": 6}, "model": "eusay.proposalvote"}, {"pk": 72, "fields": {"proposal": 4}, "model": "eusay.proposalvote"}, {"pk": 74, "fields": {"proposal": 7}, "model": "eusay.proposalvote"}, {"pk": 78, "fields": {"proposal": 4}, "model": "eusay.proposalvote"}, {"pk": 81, "fields": {"proposal": 6}, "model": "eusay.proposalvote"}, {"pk": 82, "fields": {"proposal": 2}, "model": "eusay.proposalvote"}, {"pk": 83, "fields": {"proposal": 3}, "model": "eusay.proposalvote"}, {"pk": 86, "fields": {"proposal": 3}, "model": "eusay.proposalvote"}, {"pk": 88, "fields": {"proposal": 6}, "model": "eusay.proposalvote"}, {"pk": 89, "fields": {"proposal": 3}, "model": "eusay.proposalvote"}, {"pk": 90, "fields": {"proposal": 6}, "model": "eusay.proposalvote"}, {"pk": 91, "fields": {"proposal": 7}, "model": "eusay.proposalvote"}, {"pk": 92, "fields": {"proposal": 7}, "model": "eusay.proposalvote"}, {"pk": 93, "fields": {"proposal": 7}, "model": "eusay.proposalvote"}, {"pk": 94, "fields": {"proposal": 7}, "model": "eusay.proposalvote"}, {"pk": 95, "fields": {"proposal": 7}, "model": "eusay.proposalvote"}, {"pk": 96, "fields": {"proposal": 7}, "model": "eusay.proposalvote"}, {"pk": 97, "fields": {"proposal": 3}, "model": "eusay.proposalvote"}, {"pk": 98, "fields": {"proposal": 3}, "model": "eusay.proposalvote"}, {"pk": 99, "fields": {"proposal": 2}, "model": "eusay.proposalvote"}, {"pk": 100, "fields": {"proposal": 4}, "model": "eusay.proposalvote"}, {"pk": 102, "fields": {"proposal": 1}, "model": "eusay.proposalvote"}, {"pk": 103, "fields": {"proposal": 6}, "model": "eusay.proposalvote"}, {"pk": 105, "fields": {"proposal": 3}, "model": "eusay.proposalvote"}, {"pk": 107, "fields": {"proposal": 6}, "model": "eusay.proposalvote"}, {"pk": 108, "fields": {"proposal": 2}, "model": "eusay.proposalvote"}, {"pk": 109, "fields": {"proposal": 4}, "model": "eusay.proposalvote"}, {"pk": 110, "fields": {"proposal": 3}, "model": "eusay.proposalvote"}, {"pk": 111, "fields": {"proposal": 1}, "model": "eusay.proposalvote"}, {"pk": 112, "fields": {"proposal": 1}, "model": "eusay.proposalvote"}, {"pk": 113, "fields": {"proposal": 1}, "model": "eusay.proposalvote"}, {"pk": 117, "fields": {"proposal": 3}, "model": "eusay.proposalvote"}, {"pk": 118, "fields": {"proposal": 8}, "model": "eusay.proposalvote"}, {"pk": 119, "fields": {"proposal": 1}, "model": "eusay.proposalvote"}, {"pk": 120, "fields": {"proposal": 2}, "model": "eusay.proposalvote"}, {"pk": 121, "fields": {"proposal": 4}, "model": "eusay.proposalvote"}, {"pk": 122, "fields": {"proposal": 8}, "model": "eusay.proposalvote"}, {"pk": 123, "fields": {"proposal": 7}, "model": "eusay.proposalvote"}, {"pk": 23, "fields": {"comment": 2}, "model": "eusay.commentvote"}, {"pk": 24, "fields": {"comment": 2}, "model": "eusay.commentvote"}, {"pk": 25, "fields": {"comment": 9}, "model": "eusay.commentvote"}, {"pk": 29, "fields": {"comment": 1}, "model": "eusay.commentvote"}, {"pk": 30, "fields": {"comment": 3}, "model": "eusay.commentvote"}, {"pk": 34, "fields": {"comment": 1}, "model": "eusay.commentvote"}, {"pk": 55, "fields": {"comment": 8}, "model": "eusay.commentvote"}, {"pk": 57, "fields": {"comment": 7}, "model": "eusay.commentvote"}, {"pk": 68, "fields": {"comment": 12}, "model": "eusay.commentvote"}, {"pk": 69, "fields": {"comment": 6}, "model": "eusay.commentvote"}, {"pk": 70, "fields": {"comment": 13}, "model": "eusay.commentvote"}, {"pk": 73, "fields": {"comment": 8}, "model": "eusay.commentvote"}, {"pk": 77, "fields": {"comment": 3}, "model": "eusay.commentvote"}, {"pk": 80, "fields": {"comment": 12}, "model": "eusay.commentvote"}, {"pk": 84, "fields": {"comment": 8}, "model": "eusay.commentvote"}, {"pk": 85, "fields": {"comment": 7}, "model": "eusay.commentvote"}, {"pk": 87, "fields": {"comment": 16}, "model": "eusay.commentvote"}, {"pk": 115, "fields": {"comment": 1}, "model": "eusay.commentvote"}, {"pk": 116, "fields": {"comment": 3}, "model": "eusay.commentvote"}, {"pk": "s1234567", "fields": {"hasProfile": false, "isModerator": false, "createdAt": "2014-02-21T00:00:00", "userStatus": "", "slug": "john", "title": "", "name": "John"}, "model": "eusay.user"}, {"pk": "s1234572", "fields": {"hasProfile": false, "isModerator": false, "createdAt": "2014-02-21T00:00:00", "userStatus": "User", "slug": "rosemary", "title": "", "name": "Rosemary"}, "model": "eusay.user"}, {"pk": "s1234576", "fields": {"hasProfile": false, "isModerator": false, "createdAt": "2014-02-21T00:00:00", "userStatus": "User", "slug": "yevette", "title": "", "name": "Yevette"}, "model": "eusay.user"}, {"pk": "s1234577", "fields": {"hasProfile": false, "isModerator": false, "createdAt": "2014-02-21T00:00:00", "userStatus": "User", "slug": "chas", "title": "", "name": "Chas"}, "model": "eusay.user"}, {"pk": "s1234578", "fields": {"hasProfile": false, "isModerator": false, "createdAt": "2014-02-21T00:00:00", "userStatus": "User", "slug": "sheron", "title": "", "name": "Sheron"}, "model": "eusay.user"}, {"pk": "s1234580", "fields": {"hasProfile": false, "isModerator": false, "createdAt": "2014-02-21T00:00:00", "userStatus": "User", "slug": "carson", "title": "", "name": "Carson"}, "model": "eusay.user"}, {"pk": "s1234581", "fields": {"hasProfile": false, "isModerator": false, "createdAt": "2014-02-21T00:00:00", "userStatus": "User", "slug": "yuonne", "title": "", "name": "Yuonne"}, "model": "eusay.user"}, {"pk": "s1234582", "fields": {"hasProfile": false, "isModerator": false, "createdAt": "2014-02-21T00:00:00", "userStatus": "User", "slug": "kristi", "title": "", "name": "Kristi"}, "model": "eusay.user"}, {"pk": "s1234583", "fields": {"hasProfile": false, "isModerator": false, "createdAt": "2014-02-21T00:00:00", "userStatus": "User", "slug": "lorena", "title": "", "name": "Lorena"}, "model": "eusay.user"}, {"pk": "s1234584", "fields": {"hasProfile": false, "isModerator": false, "createdAt": "2014-02-21T00:00:00", "userStatus": "User", "slug": "jacqui", "title": "", "name": "Jacqui"}, "model": "eusay.user"}, {"pk": "s1234585", "fields": {"hasProfile": false, "isModerator": false, "createdAt": "2014-02-21T00:00:00", "userStatus": "User", "slug": "elmer", "title": "", "name": "Elmer"}, "model": "eusay.user"}, {"pk": "s1234586", "fields": {"hasProfile": false, "isModerator": false, "createdAt": "2014-02-21T00:00:00", "userStatus": "User", "slug": "wendell", "title": "", "name": "Wendell"}, "model": "eusay.user"}, {"pk": "s1234587", "fields": {"hasProfile": false, "isModerator": false, "createdAt": "2014-02-21T00:00:00", "userStatus": "User", "slug": "isaac", "title": "", "name": "Isaac"}, "model": "eusay.user"}, {"pk": "s1234588", "fields": {"hasProfile": false, "isModerator": false, "createdAt": "2014-02-21T00:00:00", "userStatus": "User", "slug": "kamala", "title": "", "name": "Kamala"}, "model": "eusay.user"}, {"pk": "s1234589", "fields": {"hasProfile": false, "isModerator": false, "createdAt": "2014-02-21T00:00:00", "userStatus": "User", "slug": "tuan", "title": "", "name": "Tuan"}, "model": "eusay.user"}, {"pk": "s1234593", "fields": {"hasProfile": false, "isModerator": false, "createdAt": "2014-02-21T00:00:00", "userStatus": "User", "slug": "kaley", "title": "", "name": "Kaley"}, "model": "eusay.user"}, {"pk": "s1234597", "fields": {"hasProfile": false, "isModerator": false, "createdAt": "2014-02-21T00:00:00", "userStatus": "User", "slug": "adriene", "title": "", "name": "Adriene"}, "model": "eusay.user"}, {"pk": "s1234601", "fields": {"hasProfile": false, "isModerator": false, "createdAt": "2014-02-21T00:00:00", "userStatus": "User", "slug": "denyse", "title": "", "name": "Denyse"}, "model": "eusay.user"}, {"pk": "s1234603", "fields": {"hasProfile": false, "isModerator": false, "createdAt": "2014-02-21T00:00:00", "userStatus": "User", "slug": "dania", "title": "", "name": "Dania"}, "model": "eusay.user"}, {"pk": "s1234604", "fields": {"hasProfile": false, "isModerator": false, "createdAt": "2014-02-21T00:00:00", "userStatus": "User", "slug": "cherise", "title": "", "name": "Cherise"}, "model": "eusay.user"}, {"pk": "s1234605", "fields": {"hasProfile": false, "isModerator": false, "createdAt": "2014-02-21T00:00:00", "userStatus": "User", "slug": "thad", "title": "", "name": "Thad"}, "model": "eusay.user"}, {"pk": "s1234607", "fields": {"hasProfile": false, "isModerator": false, "createdAt": "2014-02-22T00:00:00", "userStatus": "User", "slug": "tobias", "title": "", "name": "Tobias"}, "model": "eusay.user"}, {"pk": "s1234608", "fields": {"hasProfile": false, "isModerator": false, "createdAt": "2014-02-22T00:00:00", "userStatus": "User", "slug": "juliet", "title": "", "name": "Juliet"}, "model": "eusay.user"}, {"pk": "s1234626", "fields": {"hasProfile": false, "isModerator": false, "createdAt": "2014-02-22T00:00:00", "userStatus": "User", "slug": "michelina", "title": "", "name": "Michelina"}, "model": "eusay.user"}, {"pk": "s1234632", "fields": {"hasProfile": false, "isModerator": false, "createdAt": "2014-02-23T00:00:00", "userStatus": "User", "slug": "eden", "title": "", "name": "Eden"}, "model": "eusay.user"}, {"pk": "s1234636", "fields": {"hasProfile": false, "isModerator": false, "createdAt": "2014-02-23T00:00:00", "userStatus": "User", "slug": "christoper", "title": "", "name": "Christoper"}, "model": "eusay.user"}, {"pk": "s1234638", "fields": {"hasProfile": false, "isModerator": false, "createdAt": "2014-02-23T00:00:00", "userStatus": "User", "slug": "odell", "title": "", "name": "Odell"}, "model": "eusay.user"}, {"pk": "s1234640", "fields": {"hasProfile": false, "isModerator": false, "createdAt": "2014-02-23T00:00:00", "userStatus": "User", "slug": "asha", "title": "", "name": "Asha"}, "model": "eusay.user"}, {"pk": "s1234642", "fields": {"hasProfile": false, "isModerator": false, "createdAt": "2014-02-23T00:00:00", "userStatus": "User", "slug": "tonja", "title": "", "name": "Tonja"}, "model": "eusay.user"}, {"pk": "s1234677", "fields": {"hasProfile": false, "isModerator": false, "createdAt": "2014-02-24T00:00:00", "userStatus": "User", "slug": "katy", "title": "", "name": "Katy"}, "model": "eusay.user"}, {"pk": "s1234687", "fields": {"hasProfile": false, "isModerator": false, "createdAt": "2014-02-26T00:00:00", "userStatus": "User", "slug": "taren", "title": "", "name": "Taren"}, "model": "eusay.user"}, {"pk": "s1234699", "fields": {"hasProfile": false, "isModerator": false, "createdAt": "2014-03-02T00:00:00", "userStatus": "User", "slug": "meta", "title": "", "name": "Meta"}, "model": "eusay.user"}]